identifier;gender;citizenship
99945;FEMALE;DEU
204333;MALE;ITA
124739;MALE;PRT
97236;FEMALE;FRA
124812;MALE;ITA
197462;MALE;DEU
33997;FEMALE;ROU
38511;MALE;AUT
96713;MALE;CZE
96811;FEMALE;ESP
197629;FEMALE;FRA
197413;MALE;HRV
197677;MALE;AUT
96868;FEMALE;FRA
124828;MALE;ITA
197781;MALE;NLD
204336;FEMALE;SVK
124831;FEMALE;ITA
197590;MALE;ITA
197782;MALE;NLD
197842;FEMALE;BGR
131507;MALE;ESP
197588;FEMALE;HUN
197444;FEMALE;DEU
97968;MALE;BGR
197665;MALE;ROU
124781;MALE;MLT
204335;FEMALE;FIN
187917;MALE;BEL
124861;FEMALE;ITA
197698;MALE;FRA
197491;FEMALE;EST
124821;MALE;ITA
197392;FEMALE;SWE
1917;MALE;DEU
202351;MALE;ESP
192634;MALE;ITA
96833;MALE;DEU
28617;FEMALE;LVA
28298;FEMALE;ESP
124875;MALE;DNK
125012;MALE;ROU
197489;MALE;DEU
23768;MALE;POL
125067;MALE;GRC
197494;FEMALE;FRA
197519;FEMALE;POL
33982;MALE;ROU
28150;FEMALE;HUN
197472;MALE;BEL
190464;MALE;AUT
197621;MALE;ESP
197653;MALE;ROU
125020;MALE;NLD
209140;MALE;ROU
197806;FEMALE;ITA
86793;FEMALE;DEU
197523;MALE;POL
197652;FEMALE;AUT
124705;MALE;HUN
197557;MALE;FRA
197829;MALE;ESP
197540;MALE;POL
124714;MALE;HUN
98341;FEMALE;BGR
197478;MALE;DEU
197658;MALE;ROU
197631;MALE;ROU
96991;FEMALE;ESP
197841;MALE;LTU
239258;FEMALE;ITA
182995;FEMALE;FRA
197501;MALE;POL
251874;MALE;DEU
197799;MALE;ITA
197837;MALE;LTU
197694;MALE;FRA
197427;FEMALE;DEU
197567;FEMALE;DNK
197679;FEMALE;ESP
124934;FEMALE;AUT
125005;MALE;ESP
197650;FEMALE;PRT
209091;MALE;MLT
197638;FEMALE;PRT
198096;FEMALE;ESP
4267;MALE;DEU
124709;FEMALE;CZE
197582;FEMALE;ITA
96775;FEMALE;ITA
132366;FEMALE;FIN
197794;FEMALE;ITA
197798;FEMALE;ITA
197683;MALE;FRA
204400;MALE;ESP
96801;MALE;POL
237779;FEMALE;SWE
4289;FEMALE;DEU
197532;FEMALE;POL
197756;FEMALE;NLD
96698;MALE;LTU
197636;MALE;ROU
197718;MALE;ESP
28224;MALE;DEU
23788;MALE;POL
197581;FEMALE;FRA
197503;MALE;FRA
254719;MALE;PRT
24505;MALE;FRA
197516;MALE;POL
197401;FEMALE;SWE
204368;MALE;AUT
197446;MALE;SVN
36392;MALE;ITA
250918;MALE;FRA
197538;FEMALE;POL
124735;FEMALE;FIN
1992;MALE;ESP
197550;FEMALE;POL
228604;MALE;SWE
232843;MALE;DEU
197623;MALE;FRA
253008;MALE;SWE
197587;MALE;HUN
124704;MALE;CZE
197414;MALE;CYP
197702;FEMALE;ESP
28399;MALE;ESP
197663;MALE;ROU
197585;MALE;FRA
197680;FEMALE;FRA
96780;FEMALE;DEU
58789;MALE;NLD
197740;MALE;GRC
197767;MALE;SVK
197863;FEMALE;IRL
130100;FEMALE;BEL
197868;FEMALE;NLD
103381;FEMALE;DEU
28294;FEMALE;SVN
197667;FEMALE;AUT
247709;FEMALE;NLD
197589;FEMALE;FRA
197408;FEMALE;DEU
96646;MALE;DEU
197637;MALE;ROU
239260;MALE;ITA
197432;MALE;DEU
197512;MALE;FRA
124834;MALE;DEU
124715;MALE;HUN
4560;MALE;NLD
198329;FEMALE;ESP
250237;MALE;POL
199996;FEMALE;PRT
96761;MALE;DEU
197780;MALE;NLD
197483;FEMALE;DEU
197791;MALE;ITA
197824;MALE;ITA
124850;MALE;BGR
197417;MALE;HRV
197453;FEMALE;DEU
96756;FEMALE;DEU
124722;MALE;HUN
28619;FEMALE;LVA
29579;MALE;BEL
197838;MALE;LTU
5565;MALE;FRA
197400;FEMALE;SWE
197844;MALE;BGR
237465;MALE;DEU
197533;FEMALE;FRA
197552;FEMALE;CZE
24922;MALE;BEL
35016;MALE;ITA
193273;MALE;DEU
96812;MALE;ESP
197470;FEMALE;BEL
22858;FEMALE;FRA
197596;MALE;FIN
130833;MALE;GRC
125038;FEMALE;ESP
124844;MALE;ITA
197843;MALE;LTU
197419;MALE;HRV
197662;MALE;GRC
197546;MALE;CZE
28390;FEMALE;ESP
58766;MALE;ROU
213330;MALE;HUN
190713;MALE;AUT
250235;MALE;POL
197449;MALE;DEU
197628;MALE;FRA
124837;MALE;DEU
197403;MALE;MLT
197634;MALE;PRT
197845;FEMALE;BGR
221463;MALE;HRV
197537;MALE;CZE
238639;MALE;SWE
124996;MALE;SWE
126644;MALE;ESP
197655;MALE;ROU
96796;MALE;POL
197495;MALE;POL
124771;FEMALE;FRA
197480;MALE;DEU
96779;FEMALE;POL
125046;MALE;ESP
197445;MALE;DEU
254721;FEMALE;PRT
197654;MALE;IRL
96681;FEMALE;LTU
1909;MALE;DEU
197466;FEMALE;DEU
24594;FEMALE;FRA
218349;MALE;NLD
96791;FEMALE;POL
197438;MALE;HRV
197695;FEMALE;GRC
96709;MALE;DNK
23816;MALE;HUN
197566;MALE;POL
197840;FEMALE;LTU
124806;MALE;DEU
197457;FEMALE;DEU
197425;MALE;DEU
124708;FEMALE;CZE
197699;FEMALE;GRC
204346;MALE;POL
239257;MALE;ITA
197475;FEMALE;DEU
125001;MALE;AUT
96771;MALE;POL
124877;FEMALE;POL
197435;FEMALE;DEU
120478;FEMALE;DEU
197398;MALE;SWE
204414;FEMALE;ESP
197835;FEMALE;LTU
197670;MALE;AUT
96711;MALE;FRA
183793;MALE;ITA
193292;FEMALE;LUX
197828;MALE;ESP
197459;FEMALE;DEU
197822;FEMALE;ITA
249285;FEMALE;FRA
197547;FEMALE;FRA
197390;FEMALE;SWE
134605;FEMALE;ROU
197785;FEMALE;ESP
38420;MALE;ROU
183338;MALE;SWE
197493;MALE;EST
197825;MALE;ITA
197433;FEMALE;DEU
197648;MALE;AUT
197646;MALE;ROU
204332;MALE;IRL
218347;MALE;NLD
197826;MALE;ITA
244571;MALE;GRC
197391;FEMALE;SWE
197738;FEMALE;PRT
124873;MALE;BGR
197616;FEMALE;ITA
236050;FEMALE;FRA
28586;MALE;GRC
197657;MALE;ROU
197415;MALE;CYP
197422;FEMALE;DEU
197894;MALE;HUN
197452;MALE;SVN
197682;MALE;AUT
197778;MALE;NLD
236053;FEMALE;FRA
125021;FEMALE;NLD
183916;FEMALE;DEU
96653;FEMALE;SVK
197787;MALE;ITA
197796;MALE;ITA
96725;MALE;NLD
204416;FEMALE;FRA
197447;FEMALE;SVN
188945;MALE;DEU
197786;FEMALE;ITA
125043;FEMALE;ESP
243979;FEMALE;ITA
197473;MALE;DEU
28161;FEMALE;DNK
124852;MALE;BGR
197720;FEMALE;IRL
96891;MALE;ITA
96734;FEMALE;DEU
125004;MALE;SVN
247735;FEMALE;ESP
197765;MALE;SVK
40599;FEMALE;FIN
1892;MALE;PRT
96776;FEMALE;POL
197448;MALE;DEU
24942;FEMALE;ESP
197668;MALE;ROU
198176;MALE;AUT
185619;MALE;DEU
23781;MALE;POL
124760;MALE;FRA
28340;FEMALE;ITA
197504;MALE;FRA
197527;FEMALE;FRA
124713;MALE;CZE
197731;FEMALE;IRL
28229;MALE;DEU
197795;MALE;ITA
197626;MALE;FRA
197788;FEMALE;ITA
190774;MALE;FRA
125109;FEMALE;GRC
249284;FEMALE;FRA
197539;MALE;CZE
197595;FEMALE;HUN
122978;FEMALE;ESP
254722;MALE;PRT
124973;MALE;BEL
254718;FEMALE;PRT
197528;MALE;CZE
250538;MALE;POL
197564;MALE;CZE
2054;FEMALE;FIN
197530;FEMALE;POL
96668;MALE;IRL
197808;MALE;ITA
112744;MALE;HRV
2341;MALE;DEU
197577;MALE;FRA
197709;MALE;NLD
125064;FEMALE;GRC
72779;FEMALE;FRA
197511;FEMALE;FRA
197553;FEMALE;POL
197522;FEMALE;CZE
197580;FEMALE;ITA
197776;MALE;NLD
197783;MALE;LVA
4344;FEMALE;ESP
197439;MALE;DEU
202073;MALE;LUX
204334;MALE;ITA
197632;FEMALE;AUT
4746;MALE;ITA
197556;MALE;CZE
197754;FEMALE;PRT
197779;MALE;ESP
197820;MALE;ITA
197870;FEMALE;NLD
197584;MALE;HUN
197611;FEMALE;ITA
197772;FEMALE;NLD
197773;MALE;NLD
124770;MALE;FRA
112611;MALE;FIN
236052;FEMALE;FRA
197505;FEMALE;FRA
124726;FEMALE;FIN
28269;MALE;POL
124777;FEMALE;ITA
125065;FEMALE;GRC
112747;FEMALE;HRV
197394;FEMALE;MLT
197426;MALE;DEU
96747;MALE;FRA
124700;FEMALE;EST
233862;MALE;SVN
28122;MALE;MLT
189065;FEMALE;FRA
124785;FEMALE;ROU
197734;MALE;GRC
124866;MALE;BGR
28346;FEMALE;ITA
197586;FEMALE;ITA
106936;MALE;DEU
197675;FEMALE;AUT
101039;MALE;ITA
197606;MALE;ESP
123562;MALE;SWE
197711;FEMALE;ESP
197641;FEMALE;PRT
197792;FEMALE;ITA
185771;MALE;BEL
209896;MALE;IRL
251249;FEMALE;ESP
197464;FEMALE;DEU
124862;FEMALE;DEU
197543;MALE;FRA
2323;MALE;DEU
197818;MALE;IRL
197804;MALE;ITA
197849;MALE;BGR
118949;MALE;CZE
197742;FEMALE;ESP
96830;FEMALE;HUN
197496;MALE;POL
88715;MALE;PRT
197697;FEMALE;FRA
125025;MALE;NLD
212855;MALE;ROU
197763;MALE;SVK
197647;MALE;ROU
96885;MALE;FRA
202352;MALE;ESP
129073;MALE;EST
96932;FEMALE;DEU
197771;MALE;SVK
96752;MALE;DEU
237224;MALE;PRT
197458;MALE;BEL
197423;MALE;DEU
197766;FEMALE;SVK
37312;FEMALE;DNK
197461;FEMALE;DEU
197743;MALE;GRC
124856;MALE;ITA
230085;FEMALE;ITA
202112;MALE;ROU
197800;MALE;FIN
125093;MALE;GRC
197571;MALE;DNK
204418;FEMALE;FRA
197513;MALE;POL
197410;MALE;DEU
192635;MALE;ITA
125063;MALE;GRC
96787;MALE;ITA
197443;MALE;DEU
28288;MALE;POL
197721;MALE;ESP
239255;MALE;ITA
197451;FEMALE;DEU
197469;FEMALE;BEL
96810;MALE;ITA
197558;MALE;DNK
197770;MALE;SVK
125042;MALE;ESP
197526;MALE;CZE
197490;FEMALE;POL
249603;FEMALE;LUX
23868;FEMALE;SVK
124710;FEMALE;CZE
197692;MALE;GRC
247737;FEMALE;ESP
96998;FEMALE;AUT
197518;MALE;POL
198063;MALE;HUN
124887;MALE;POL
28226;MALE;DEU
28615;MALE;LVA
197722;MALE;ESP
197608;MALE;ITA
197412;MALE;DEU
197421;FEMALE;LUX
30482;MALE;FRA
197418;FEMALE;LUX
135511;FEMALE;FRA
197482;MALE;DEU
202036;FEMALE;HRV
197544;FEMALE;POL
197506;FEMALE;BEL
197618;FEMALE;ITA
125068;MALE;GRC
38595;FEMALE;ROU
96750;MALE;FRA
243912;FEMALE;ITA
96648;MALE;BEL
39725;MALE;ROU
96852;FEMALE;DEU
124586;MALE;HUN
197549;FEMALE;CZE
251324;MALE;POL
124738;MALE;FRA
107212;MALE;BGR
124929;MALE;SVK
185341;FEMALE;HRV
197525;FEMALE;POL
250572;FEMALE;ESP
197517;MALE;POL
34578;MALE;SVK
124799;FEMALE;ITA
28400;MALE;ESP
101585;MALE;DNK
28429;FEMALE;ITA
124784;MALE;ROU
190518;MALE;DEU
96772;MALE;DEU
197520;FEMALE;POL
124822;MALE;DEU
5392;FEMALE;NLD
112748;FEMALE;HRV
197576;FEMALE;FRA
197404;FEMALE;SWE
4246;MALE;AUT
197691;FEMALE;FRA
28372;MALE;POL
197416;MALE;CYP
124833;FEMALE;ITA
197777;MALE;ESP
124891;MALE;POL
197690;MALE;FRA
197441;MALE;HRV
197619;FEMALE;ITA
124691;MALE;CYP
124884;MALE;POL
125104;FEMALE;SVN
96933;MALE;SVN
96837;FEMALE;DEU
28141;FEMALE;HUN
28353;FEMALE;POL
197573;FEMALE;DNK
197801;MALE;ITA
197802;MALE;FIN
124835;FEMALE;ITA
124747;MALE;PRT
197719;FEMALE;ESP
197810;MALE;LVA
197846;MALE;BGR
236051;MALE;FRA
124836;FEMALE;DEU
238674;FEMALE;AUT
197545;MALE;POL
197563;MALE;FIN
96922;FEMALE;ESP
198490;MALE;GRC
124766;MALE;LTU
197488;MALE;DEU
197507;MALE;POL
214839;FEMALE;SWE
239972;MALE;DNK
197463;MALE;BEL
197769;MALE;SVK
197764;MALE;SVK
204421;MALE;FRA
124936;FEMALE;BEL
197542;FEMALE;POL
124696;MALE;EST
239973;MALE;DNK
124701;MALE;CZE
96808;MALE;ESP
197455;FEMALE;BEL
251859;MALE;FRA
208722;FEMALE;BEL
197551;MALE;FRA
97058;MALE;BEL
96934;FEMALE;LVA
234344;MALE;FRA
197574;MALE;FRA
96829;MALE;HUN
23712;MALE;CZE
28347;MALE;ESP
197624;MALE;LVA
205452;MALE;IRL
197515;FEMALE;DNK
96826;MALE;HUN
253043;MALE;NLD
197805;FEMALE;FIN
204419;MALE;ITA
251268;MALE;DEU
840;MALE;LUX
197717;MALE;ESP
189525;MALE;BGR
197395;FEMALE;SWE
124712;FEMALE;HUN
197467;MALE;BEL
124692;MALE;CYP
197502;FEMALE;FRA
197406;FEMALE;SWE
197687;MALE;FRA
197817;MALE;IRL
197819;MALE;GRC
197848;FEMALE;BGR
197607;MALE;ITA
114268;MALE;FIN
197737;MALE;GRC
96952;FEMALE;FRA
136236;MALE;PRT
249826;MALE;SVK
197728;FEMALE;ESP
27714;FEMALE;HUN
197832;FEMALE;ESP
197578;FEMALE;ITA
197635;FEMALE;PRT
247122;FEMALE;FRA
197615;MALE;FRA
197402;MALE;SWE
197627;FEMALE;FRA
197541;FEMALE;POL
237320;FEMALE;BGR
88882;MALE;ROU
96936;MALE;ESP
197430;MALE;DEU
125706;MALE;CZE
197889;FEMALE;IRL
206158;FEMALE;DEU
226260;FEMALE;DEU
197610;FEMALE;ITA
240478;FEMALE;ITA
254720;FEMALE;PRT
197579;FEMALE;HUN
197701;MALE;GRC
124846;FEMALE;ITA
245858;MALE;DEU
124867;MALE;ITA
28297;MALE;POL
197500;MALE;FRA
197531;FEMALE;FRA
125106;MALE;BEL
185974;MALE;ESP
204420;MALE;FRA
197431;MALE;DEU
197497;MALE;EST
204413;MALE;ESP
239256;FEMALE;ITA
197839;MALE;BGR
124693;MALE;FRA
28223;MALE;DEU
4253;FEMALE;BEL
197460;MALE;DEU
96880;MALE;ITA
197468;FEMALE;DEU
124985;MALE;IRL
132191;MALE;DEU
229519;FEMALE;NLD
1927;MALE;DEU
197645;MALE;PRT
98582;MALE;ROU
124807;MALE;DEU
228286;MALE;DEU
245018;MALE;FRA
131580;MALE;FRA
197465;MALE;DEU
197572;FEMALE;POL
204449;MALE;EST
204443;FEMALE;ESP
254876;MALE;PRT
125128;FEMALE;BGR
127096;MALE;ESP
197827;FEMALE;ESP
125670;MALE;ITA
96739;MALE;DEU
125237;MALE;ITA
28266;FEMALE;NLD
197784;FEMALE;ESP
124992;FEMALE;SWE
197534;MALE;FRA
197935;MALE;HRV
190517;MALE;DEU
249443;MALE;AUT
99283;MALE;ITA
190519;FEMALE;NLD
197514;MALE;POL
124872;MALE;DNK
197440;FEMALE;DEU
198183;MALE;ROU
125045;FEMALE;ESP
204733;FEMALE;NLD
239262;FEMALE;ITA
129164;MALE;BEL
191693;FEMALE;FIN
28219;MALE;DEU
124988;FEMALE;IRL
197510;MALE;POL
128483;MALE;DEU
5729;FEMALE;BEL
197481;MALE;DEU
125023;FEMALE;NLD
124802;MALE;ROU
199941;FEMALE;DNK
197529;FEMALE;FRA
23699;FEMALE;CZE
124808;MALE;DEU
125030;FEMALE;NLD
197405;MALE;SWE
94649;FEMALE;FRA
197536;FEMALE;FRA
197672;MALE;ROU
197831;MALE;ESP
124780;MALE;ITA
239271;FEMALE;CYP
125214;MALE;LTU
197429;FEMALE;DEU
96697;MALE;LTU
197498;MALE;POL
197651;FEMALE;ROU
197434;MALE;DEU
197671;MALE;ROU
197649;MALE;ROU
197836;MALE;BGR
197393;MALE;SWE
229839;MALE;DEU
118859;FEMALE;MLT
95074;MALE;NLD
197591;FEMALE;ITA
197559;MALE;POL
