identifier;name;familyName;givenName;country;group;gender;memberships;born_place;born_day;born_month;born_year;disability;relatives;educated_at;highest_degree;occupation
257258;ivaylo valchev;Valchev;Ivaylo;BG;ECR;MALE;CULT,PETI,AFET,IMCO;Burgas;9.0;1.0;1972.0;;;;;
257073;tobiasz bocheński;Bocheński;Tobiasz;PL;ECR;MALE;JURI,AFCO;Lodz;15.0;12.0;1987.0;;;;;
99945;lena düpont;Düpont;Lena;DE;PPE;FEMALE;LIBE,AGRI;Dortmund;30.0;4.0;1986.0;;;;university;manager,media,politician
204333;salvatore de meo;De Meo;Salvatore;IT;PPE;MALE;AGRI,AFCO,IMCO,SEDE;Fondi;27.0;10.0;1971.0;;;Sapienza University of Rome;university;businessperson,lawyer,manager,politician
97236;marie toussaint;Toussaint;Marie;FR;Verts/ALE;FEMALE;ECON,ENVI,ITRE,FISC,SANT;LILLE;27.0;5.0;1987.0;;;Sciences Po;;lawyer,activist,politician
197462;erik marquardt;Marquardt;Erik;DE;Verts/ALE;MALE;LIBE,DEVE,CONT,CULT;Neubrandenburg;20.0;10.0;1987.0;;;;;politician,photographer
96811;rosa estaràs ferragut;Estaràs Ferragut;Rosa;ES;PPE;FEMALE;DEVE,FEMM,EMPL,PETI;Valldemossa;21.0;10.0;1965.0;;;University of the Balearic Islands;university;lawyer,manager,politician,official
256985;michalis hadjipantela;Hadjipantela;Michalis;CY;PPE;MALE;ECON,FISC,BUDG,ENVI,ITRE;Ammochostos;25.0;5.0;1974.0;;;;;
257117;adrian-george axinia;Axinia;Adrian-George;RO;ECR;MALE;TRAN,ENVI,PETI;Focsani;18.0;10.0;1977.0;;;;;
118949;ondřej kovařík;Kovařík;Ondřej;CZ;PfE;MALE;BUDG,ECON,FISC,TRAN;Kyjov;21.0;8.0;1980.0;;;École nationale d'administration,Prague University of Economics and Business;;politician,chinovnik
257027;fernando navarrete rojas;Navarrete Rojas;Fernando;ES;PPE;MALE;BUDG,ECON,FISC,ITRE;Madrid;24.0;1.0;1976.0;;;;;
96675;isabella lövin;Lövin;Isabella;SE;Verts/ALE;FEMALE;DEVE,ITRE,PECH;Helsingborg;3.0;2.0;1963.0;;;;;
197413;karlo ressler;Ressler;Karlo;HR;PPE;MALE;BUDG,CONT,LIBE;Zagreb;26.0;12.0;1989.0;;;Faculty of Law of the University of Zagreb;;politician
197677;günther sidl;Sidl;Günther;AT;S&D;MALE;ENVI,ITRE;St. Pölten;19.0;3.0;1975.0;;;University of Vienna;;politician
256920;isabelle le callennec;Le Callennec;Isabelle;FR;PPE;FEMALE;REGI,PECH,EMPL;Nantes;14.0;10.0;1966.0;;;;;
110673;ana miguel pedro;Pedro;Ana Miguel;PT;PPE;FEMALE;LIBE,AFET,AFCO;Oliveira De Azemeis;7.0;10.0;1989.0;;;;;
125027;esteban gonzález pons;González Pons;Esteban;ES;PPE;MALE;CONT;Valencia;21.0;8.0;1964.0;;;;;
124828;fulvio martusciello;Martusciello;Fulvio;IT;PPE;MALE;ECON,ITRE,DEVE;Napoli;25.0;5.0;1968.0;;;University of Naples Federico II;;lawyer,politician,official
197781;malik azmani;Azmani;Malik;NL;Renew;MALE;LIBE,AFET;Heerenveen;20.0;1.0;1976.0;;;University of Groningen;university;manager,politician
204336;miriam lexmann;Lexmann;Miriam;SK;PPE;FEMALE;INTA,EMPL,AFET;Bratislava;2.0;12.0;1972.0;;;Comenius University;;politician
256830;elisabeth grossmann;Grossmann;Elisabeth;AT;S&D;FEMALE;IMCO,FEMM;Graz;25.0;11.0;1968.0;;;;;
197580;isabella tovaglieri;Tovaglieri;Isabella;IT;PfE;FEMALE;ITRE,INTA,AGRI;Busto Arsizio;25.0;6.0;1987.0;;;University Carlo Cattaneo;university;lawyer,politician
256891;benoit cassart;Cassart;Benoit;BE;Renew;MALE;INTA,TRAN,AGRI;Liège;2.0;10.0;1968.0;;;;;
256976;brigitte van den berg;van den Berg;Brigitte;NL;Renew;FEMALE;EMPL,ITRE,CULT;Heemskerk;22.0;3.0;1989.0;;;;;
125325;sander smit;Smit;Sander;NL;PPE;MALE;ENVI,PECH,LIBE;Goor;29.0;7.0;1985.0;;;;;
197782;mohammed chahim;Chahim;Mohammed;NL;S&D;MALE;ENVI,BUDG,ITRE;Fes;18.0;4.0;1985.0;;;;;politician
257055;małgorzata gosiewska;Gosiewska;Małgorzata;PL;ECR;FEMALE;DEVE,DROI,AFET;Gdansk;22.0;7.0;1966.0;;;;;
257062;stanisław tyszka;Tyszka;Stanisław;PL;ESN;MALE;AFCO,BUDG;Warszawa;11.0;4.0;1979.0;;;;;
125001;harald vilimsky;Vilimsky;Harald;AT;PfE;MALE;AFET,AFCO;Vienna;22.0;7.0;1966.0;;;University of Vienna;;media,politician
197444;svenja hahn;Hahn;Svenja;DE;Renew;FEMALE;INTA,IMCO;Hamburg;25.0;7.0;1989.0;;;University of Giessen,Humboldt University of Berlin;university;manager,media,politician
97968;andrey kovatchev;Kovatchev;Andrey;BG;PPE;MALE;AFET,CONT;Sofia;13.0;12.0;1967.0;;;Saarland University;;politician
256964;nela riehl;Riehl;Nela;DE;Verts/ALE;FEMALE;AFET,EMPL,CULT,SEDE;Hamburg;11.0;9.0;1985.0;;;;;
187917;marc botenga;Botenga;Marc;BE;The Left;MALE;AFET,SEDE,ECON,ITRE,FISC;Bruxelles;29.0;12.0;1980.0;;;IMT School for Advanced Studies Lucca;;politician
256803;maria guzenina;Guzenina;Maria;FI;S&D;FEMALE;IMCO,CULT,FEMM;Helsinki;12.0;1.0;1969.0;;;;;
256899;murielle laurent;Laurent;Murielle;FR;S&D;FEMALE;DEVE,LIBE,PETI;Joigny;21.0;9.0;1977.0;;;;;
124861;caterina chinnici;Chinnici;Caterina;IT;PPE;FEMALE;CONT,LIBE,JURI;Palermo;5.0;11.0;1954.0;;Rocco Chinnici;University of Palermo;university;lawyer,manager,politician,official
197491;marina kaljurand;Kaljurand;Marina;EE;S&D;FEMALE;LIBE,IMCO,FEMM;Tallinn;6.0;9.0;1962.0;;;The Fletcher School of Law and Diplomacy,University of Tartu,Tufts University;university;politician,manager,lawyer,athlete,media,teacher,official
28419;nicola zingaretti;Zingaretti;Nicola;IT;S&D;MALE;AFET,ITRE,CULT;Roma;11.0;10.0;1965.0;;;;;
197392;evin incir;Incir;Evin;SE;S&D;FEMALE;LIBE,AFET;Diyarbakir;15.0;6.0;1984.0;;;;;politician
1917;markus ferber;Ferber;Markus;DE;PPE;MALE;ECON,FISC,TRAN;Augsburg;15.0;1.0;1965.0;;;Technical University of Munich;university;engineer,politician
256965;kai tegethoff;Tegethoff;Kai;DE;Verts/ALE;MALE;TRAN,BUDG,ENVI;Köln;19.0;7.0;1984.0;;;;;
257099;francesco ventola;Ventola;Francesco;IT;ECR;MALE;ECON,REGI,AGRI;Canosa di Puglia;12.0;5.0;1971.0;;;;;
96833;jens geier;Geier;Jens;DE;S&D;MALE;BUDG,ITRE;Frankfurt;22.0;6.0;1961.0;;;Helmholtz-Gymnasium (Essen, Germany),Ruhr University Bochum;university;researcher,consultant,manager,media,politician,official
256907;reinis pozņaks;Pozņaks;Reinis;LV;ECR;MALE;IMCO,SEDE,AFET;Riga;9.0;12.0;1977.0;;;;;
257108;stefano bonaccini;Bonaccini;Stefano;IT;S&D;MALE;AGRI,INTA;Modena;1.0;1.0;1967.0;;;;;
28617;inese vaidere;Vaidere;Inese;LV;PPE;FEMALE;INTA,IMCO,ITRE;Jelgava;3.0;9.0;1952.0;;;University of Latvia;phd;researcher,manager,politician,teacher,official
28298;iratxe garcía pérez;García Pérez;Iratxe;ES;S&D;FEMALE;PETI,AGRI;Baracaldo;7.0;10.0;1974.0;;;;university;
220897;petra steger;Steger;Petra;AT;PfE;FEMALE;LIBE,ITRE;Vienna;4.0;10.0;1987.0;;;;;
257052;maciej wąsik;Wąsik;Maciej;PL;ECR;MALE;TRAN,LIBE;Warszawa;16.0;10.0;1969.0;;;;;
125012;daniel buda;Buda;Daniel;RO;PPE;MALE;REGI,AGRI,JURI,ENVI;Com. Românași;11.0;1.0;1970.0;;;;;lawyer,politician
197494;nathalie loiseau;Loiseau;Nathalie;FR;Renew;FEMALE;AFET,SEDE,LIBE;Neuilly-sur-Seine;1.0;6.0;1964.0;;;Institut national des langues et civilisations orientales,Sciences Po,Lycée Carnot;;manager,politician,official
256927;carola rackete;Rackete;Carola;DE;The Left;FEMALE;ENVI,ECON,AGRI;Preetz;8.0;5.0;1988.0;;;;;
257040;nicolás pascual de la parte;Pascual De La Parte;Nicolás;ES;PPE;MALE;SEDE,AFET,INTA;Cieza, Murcia;21.0;4.0;1959.0;;;;;
257120;diana iovanovici şoşoacă;Iovanovici Şoşoacă;Diana;RO;NI;FEMALE;ITRE,FEMM;Bucharest;13.0;11.0;1975.0;;;;;
99878;waldemar buda;Buda;Waldemar;PL;ECR;MALE;AGRI,INTA,REGI;TUREK;21.0;9.0;1982.0;;;;;
190464;thomas waitz;Waitz;Thomas;AT;Verts/ALE;MALE;AGRI,AFET;Vienna;16.0;5.0;1973.0;;;;;farmer,politician
197621;juan ignacio zoido álvarez;Zoido Álvarez;Juan Ignacio;ES;PPE;MALE;INTA,LIBE,SEDE;Montellano - Sevilla;21.0;1.0;1957.0;;;;university;
197653;claudiu manda;Manda;Claudiu;RO;S&D;MALE;AFET,CONT;Craiova;20.0;12.0;1975.0;;;;phd;manager,politician
257111;dario nardella;Nardella;Dario;IT;S&D;MALE;AGRI,ITRE;Torre del Greco (Na);20.0;11.0;1975.0;;;;;
86793;anna cavazzini;Cavazzini;Anna;DE;Verts/ALE;FEMALE;IMCO,INTA;Schlüchtern;12.0;12.0;1982.0;;;Humboldt University of Berlin,Free University Berlin;university;teacher,politician,official
257081;sebastião bugalho;Bugalho;Sebastião;PT;PPE;MALE;AFET,IMCO,AFCO,DROI;;;;;;;;;
197652;angelika winzig;Winzig;Angelika;AT;PPE;FEMALE;ITRE,ECON,EMPL;Attnang-Puchheim;9.0;5.0;1963.0;;;Vienna University of Economics and Business;phd;manager,politician
256996;sebastian kruis;Kruis;Sebastian;NL;PfE;MALE;INTA,PETI,IMCO;Medellín;4.0;8.0;1989.0;;;;;
257063;catarina martins;Martins;Catarina;PT;The Left;FEMALE;ENVI,SANT,EMPL,ITRE;Porto;7.0;9.0;1973.0;;;;;
197557;christophe grudler;Grudler;Christophe;FR;Renew;MALE;ITRE,AFET,SEDE;BELFORT;9.0;4.0;1965.0;;;University of Strasbourg;;media,politician
98341;eva maydell;Maydell;Eva;BG;PPE;FEMALE;ITRE,ECON;Sofia;26.0;1.0;1986.0;;;John Cabot University;;politician
197658;adrian-dragoş benea;Benea;Adrian-Dragoş;RO;S&D;MALE;REGI,ECON;Bacău;18.0;12.0;1975.0;;;;university;
257089;alice teodorescu måwe;Teodorescu Måwe;Alice;SE;PPE;FEMALE;LIBE,SEDE,AFET;Bucharest;2.0;5.0;1984.0;;;;;
257056;mariusz kamiński;Kamiński;Mariusz;PL;ECR;MALE;LIBE,DEVE,DROI;Sochaczew;25.0;9.0;1965.0;;;;;
197784;susana solís pérez;Solís Pérez;Susana;ES;PPE;FEMALE;ENVI,ITRE,IMCO;Avilés;21.0;12.0;1971.0;;;Osnabrück University of Applied Sciences,IE Business School,University of Oviedo;;engineer,politician
256879;yvan verougstraete;Verougstraete;Yvan;BE;Renew;MALE;ITRE,ENVI,IMCO;Ixelles;6.0;10.0;1975.0;;;;;
197501;joachim stanisław brudziński;Brudziński;Joachim Stanisław;PL;ECR;MALE;BUDG,CONT,LIBE;Świerklaniec;4.0;2.0;1968.0;;;;;
256906;claire fita;Fita;Claire;FR;S&D;FEMALE;ECON,AGRI;Toulouse;31.0;12.0;1976.0;;;;;
4395;mario mantovani;Mantovani;Mario;IT;ECR;MALE;JURI,EMPL,AFCO;Arconate;28.0;7.0;1950.0;;;;;
251874;niels geuking;Geuking;Niels;DE;PPE;MALE;DEVE,EMPL;Coesfeld;17.0;11.0;1992.0;;Helmut Geuking;;;politician
37324;adina vălean;Vălean;Adina;RO;PPE;FEMALE;IMCO,ITRE;;;;;;;;;
256893;pierre pimpie;Pimpie;Pierre;FR;PfE;MALE;ECON,FISC,INTA;Hyères;10.0;9.0;1971.0;;;;;
257051;andrzej buła;Buła;Andrzej;PL;PPE;MALE;EMPL,IMCO,REGI;Kluczbork;28.0;8.0;1965.0;;;;;
257128;giusi princi;Princi;Giusi;IT;PPE;FEMALE;CULT,FEMM,EMPL;REGGIO CALABRIA;27.0;9.0;1972.0;;;;;
197694;raphaël glucksmann;Glucksmann;Raphaël;FR;S&D;MALE;AFET,INTA,SEDE;Boulogne-Billancourt;15.0;10.0;1979.0;;André Glucksmann,Françoise Villette;Sciences Po,Lycée Henri-IV,Lycée Lamartine;;researcher,non-fiction writer,documentalist,media,politician
257016;vicent marzà ibáñez;Marzà Ibáñez;Vicent;ES;Verts/ALE;MALE;TRAN,INTA;Castelló de la Plana;3.0;3.0;1983.0;;;;;
124875;anders vistisen;Vistisen;Anders;DK;PfE;MALE;PETI,INTA,ENVI;Viborg;12.0;11.0;1987.0;;;;university;manager
197679;isabel benjumea benjumea;Benjumea Benjumea;Isabel;ES;PPE;FEMALE;BUDG,ECON;Madrid;5.0;9.0;1982.0;;;;university;manager,teacher,consultant
256875;matthieu valet;Valet;Matthieu;FR;PfE;MALE;DROI,AFET,LIBE,SEDE;Lille;4.0;1.0;1986.0;;;;;
4267;udo bullmann;Bullmann;Udo;DE;S&D;MALE;DEVE,INTA;Gießen;8.0;6.0;1956.0;;;University of Giessen;;politician
257091;dick erixon;Erixon;Dick;SE;ECR;MALE;CONT,DEVE,BUDG;;;;;;;;;
256956;galato alexandraki;Alexandraki;Galato;GR;ECR;FEMALE;FEMM,PETI,ENVI;Didimoteixo;11.0;12.0;1948.0;;;;;
197526;martin hlaváček;Hlaváček;Martin;CZ;PfE;MALE;AGRI,FISC,ECON;Prague;14.0;1.0;1980.0;;;Czech University of Life Sciences Prague;;researcher,manager,politician
197794;chiara gemma;Gemma;Chiara;IT;ECR;FEMALE;EMPL,FEMM,ITRE,CULT;Brindisi;20.0;9.0;1968.0;;;;;
256912;rima hassan;Hassan;Rima;FR;The Left;FEMALE;AFET,DROI,BUDG;Alep;28.0;4.0;1992.0;;;;;
256995;gordan bosanac;Bosanac;Gordan;HR;Verts/ALE;MALE;REGI,EMPL,PETI;Zagreb;18.0;9.0;1973.0;;;;;
257005;ľuboš blaha;Blaha;Ľuboš;SK;NI;MALE;AFET,DROI,EMPL;Bratislava;7.0;12.0;1979.0;;;;;
257080;piotr müller;Müller;Piotr;PL;ECR;MALE;IMCO,PECH;Słupsk;2.0;5.0;1989.0;;;;;
4289;angelika niebler;Niebler;Angelika;DE;PPE;FEMALE;ITRE,AFET,JURI,SEDE;München;18.0;2.0;1963.0;;;University of Geneva,Q1751503,Ludwig Maximilian University of Munich;phd;lawyer,politician
124736;merja kyllönen;Kyllönen;Merja;FI;The Left;FEMALE;TRAN,AFET,SEDE;Suomussalmi;25.0;1.0;1977.0;;;;;
197493;jaak madison;Madison;Jaak;EE;ECR;MALE;AFET,INTA;Paide;22.0;4.0;1991.0;;;Tallinn School of Service,Tallinn School of Economics,Noarootsi Secondary School,University of Tartu,Tallinn Old Town Adult Gymnasium,Albu Basic School;university;manager,politician
197636;ioan-rareş bogdan;Bogdan;Ioan-Rareş;RO;PPE;MALE;AFET,LIBE,CULT,PETI;Ocna Mures;17.0;9.0;1974.0;;;;;
197702;lina gálvez;Gálvez;Lina;ES;S&D;FEMALE;ITRE,FEMM,INTA;Sevilla;13.0;9.0;1969.0;;;;phd;researcher,teacher
197718;nicolás gonzález casares;González Casares;Nicolás;ES;S&D;MALE;ITRE,PECH,SANT,ENVI;A Coruña;20.0;7.0;1972.0;;Nicolás González Aller;University of Santiago de Compostela;;politician,doctor
24942;ana miranda paz;Miranda Paz;Ana;ES;Verts/ALE;FEMALE;DEVE,PECH,PETI,REGI;Cuntis;2.0;5.0;1971.0;;;University of Santiago de Compostela,Université catholique de Louvain,University of Passau,University of A Coruña;;lawyer,politician
256966;michael von der schulenburg;von der Schulenburg;Michael;DE;NI;MALE;CONT,SEDE,AFET;Munich;16.0;10.0;1948.0;;;;;
256834;elisabeth dieringer;Dieringer;Elisabeth;AT;PfE;FEMALE;IMCO,FEMM,CULT;Villach;12.0;5.0;1974.0;;;;;
256854;balázs győrffy;Győrffy;Balázs;HU;PfE;MALE;AGRI,PECH;Papa;21.0;4.0;1979.0;;;;;
257129;mimmo lucano;Lucano;Mimmo;IT;The Left;MALE;DEVE,REGI;Melito Porto Salvo;31.0;5.0;1954.0;;;;;
23788;adam bielan;Bielan;Adam;PL;ECR;MALE;AFET,ITRE;Gdańsk;12.0;9.0;1974.0;;;SGH Warsaw School of Economics,Q9296487;;politician
197581;stéphanie yon-courtin;Yon-Courtin;Stéphanie;FR;Renew;FEMALE;ECON,PECH,IMCO;Coutances;28.0;3.0;1974.0;;;University of Bristol;university;researcher,consultant,manager,lawyer,politician
197503;david cormand;Cormand;David;FR;Verts/ALE;MALE;IMCO,AGRI,JURI;Mont Saint Aignan;30.0;11.0;1974.0;;;University of Rouen;university;politician
256970;raquel garcía hermida-van der walle;García Hermida-Van Der Walle;Raquel;NL;Renew;FEMALE;REGI,LIBE,FEMM;Madrid;28.0;5.0;1983.0;;;;;
197516;patryk jaki;Jaki;Patryk;PL;ECR;MALE;AFCO,ITRE;Opole;11.0;5.0;1985.0;;;Faculty of Social Sciences of University of Wrocław;phd;politician,researcher,manager,teacher
245770;irene montero;Montero;Irene;ES;The Left;FEMALE;FEMM,AFET;Madrid;13.0;2.0;1988.0;;;;;
257131;anna maria cisint;Cisint;Anna Maria;IT;PfE;FEMALE;TRAN,PECH,LIBE,FEMM;;;;;;;;;
220840;jaroslav bžoch;Bžoch;Jaroslav;CZ;PfE;MALE;LIBE,IMCO;Teplice;30.0;11.0;1983.0;;;;;
256928;petr bystron;Bystron;Petr;DE;ESN;MALE;AFET,EMPL,IMCO;Olmuetz;30.0;11.0;1972.0;;;;;
197401;karin karlsbro;Karlsbro;Karin;SE;Renew;FEMALE;INTA,ENVI,PECH;Roslags-Bro;23.0;9.0;1970.0;;;Stockholm University,London School of Economics and Political Science;university;manager,politician
256881;barbara bonte;Bonte;Barbara;BE;PfE;FEMALE;ENVI,ITRE,AGRI;Brussels;13.0;5.0;1983.0;;;;;
257041;jacek protas;Protas;Jacek;PL;PPE;MALE;CONT,BUDG,REGI;Lidzbark Warmiński;15.0;1.0;1964.0;;;;;
257298;ciaran mullooly;Mullooly;Ciaran;IE;Renew;MALE;REGI,AGRI;Longford;4.0;9.0;1966.0;;;;;
256967;jan-peter warnke;Warnke;Jan-Peter;DE;NI;MALE;EMPL,ECON;;;;;;;;;
96830;enikő győri;Győri;Enikő;HU;PfE;FEMALE;INTA,ECON,FISC;Budapest;17.0;7.0;1968.0;;;Corvinus University of Budapest;phd;teacher,manager,politician
257106;alessandro zan;Zan;Alessandro;IT;S&D;MALE;LIBE,JURI,AFCO;Padova;4.0;10.0;1973.0;;;;;
22418;esther herranz garcía;Herranz García;Esther;ES;PPE;FEMALE;ENVI,AGRI;Logroño;3.0;7.0;1969.0;;;;phd;manager,consultant,official
97399;dirk gotink;Gotink;Dirk;NL;PPE;MALE;ECON,CONT,IMCO;Haarlem;13.0;8.0;1981.0;;;;;
256910;anthony smith;Smith;Anthony;FR;The Left;MALE;ITRE,AFCO,CULT;SOISSONS;3.0;4.0;1975.0;;;;;
256994;idoia mendia cueva;Mendia Cueva;Idoia;ES;S&D;FEMALE;EMPL,IMCO,PECH,AFCO;Bilbao;27.0;10.0;1965.0;;;;;
125204;borja giménez larraz;Giménez Larraz;Borja;ES;PPE;MALE;TRAN,INTA,AFCO;;;;;;;;;
257104;ruggero razza;Razza;Ruggero;IT;ECR;MALE;BUDG,SANT;Milan;23.0;9.0;1980.0;;;;;
257126;gaetano pedulla';Pedulla';Gaetano;IT;The Left;MALE;ECON,ITRE,IMCO,LIBE;Catania;5.0;1.0;1967.0;;;;;
256851;ondřej dostál;Dostál;Ondřej;CZ;NI;MALE;ENVI,FEMM;;;;;;;;;
256978;reinier van lanschot;Van Lanschot;Reinier;NL;Verts/ALE;MALE;AFCO,IMCO;Saint-Germain-en-Laye;7.0;12.0;1989.0;;;;;
33998;vasile dîncu;Dîncu;Vasile;RO;S&D;MALE;AFCO,AFET;Năsăud;25.0;11.0;1961.0;;;;;
256809;paulius saudargas;Saudargas;Paulius;LT;PPE;MALE;ECON,ITRE,IMCO;Kaunas;13.0;3.0;1979.0;;;;;
197414;loucas fourlas;Fourlas;Loucas;CY;PPE;MALE;AFET,CULT,LIBE,FEMM;Lemesos;21.0;8.0;1969.0;;;;university;media
28399;antonio lópez-istúriz white;López-Istúriz White;Antonio;ES;PPE;MALE;AFET,DROI,ECON;Pamplona;1.0;4.0;1970.0;;;CEU San Pablo University;phd;lawyer,politician
256950;dimitris tsiodras;Tsiodras;Dimitris;GR;PPE;MALE;ENVI,IMCO,ITRE;Manari Arkadias;26.0;10.0;1959.0;;;;;
257262;rada laykova;Laykova;Rada;BG;ESN;FEMALE;ECON,IMCO;Plovdiv;3.0;4.0;1990.0;;;;;
256815;marjan šarec;Šarec;Marjan;SI;Renew;MALE;TRAN,AFET,SEDE;Ljubljana;2.0;12.0;1977.0;;;;;
96780;monika hohlmeier;Hohlmeier;Monika;DE;PPE;FEMALE;BUDG,CONT,LIBE;München;2.0;7.0;1962.0;;Franz Josef Strauß,Marianne Strauß;Dante-Gymnasium Munich,FernUniversität in Hagen;university;politician
256992;hana jalloul muro;Jalloul Muro;Hana;ES;S&D;FEMALE;AFET,INTA,PETI,DROI;Zaragoza;8.0;4.0;1978.0;;;;;
236050;marie dauchy;Dauchy;Marie;FR;PfE;FEMALE;EMPL,AGRI;Calais;5.0;2.0;1987.0;;;;;employee,q97768317,politician,q97767950
197687;philippe olivier;Olivier;Philippe;FR;PfE;MALE;TRAN,IMCO;Juvisy sur Orge;30.0;8.0;1961.0;;Marine Le Pen,Yann Le Pen,Marion Maréchal,Docteur Merlin,Jean-Marie Le Pen,Pierrette Lalanne;Paris 12 University;;lawyer,politician
197863;maria walsh;Walsh;Maria;IE;PPE;FEMALE;AGRI,REGI,LIBE;Boston;11.0;6.0;1987.0;;;Griffith College Dublin;;politician,businessperson
130100;hilde vautmans;Vautmans;Hilde;BE;Renew;FEMALE;AFET,LIBE;Sint-Truiden;2.0;5.0;1972.0;;;;university;politician
103381;terry reintke;Reintke;Terry;DE;Verts/ALE;FEMALE;CONT;Gelsenkirchen;9.0;5.0;1987.0;;;Free University Berlin;university;politician
257256;taner kabilov;Kabilov;Taner;BG;Renew;MALE;REGI,TRAN;Plovdiv;28.0;4.0;1987.0;;;;;
197589;laurence farreng;Farreng;Laurence;FR;Renew;FEMALE;CULT,EMPL,JURI;Nimes;6.0;9.0;1966.0;;;;;politician,manager,consultant
197408;hildegard bentele;Bentele;Hildegard;DE;PPE;FEMALE;DEVE,ITRE,ENVI;Ludwigsburg;22.0;5.0;1976.0;;;Free University Berlin;university;politician,official
239260;denis nesci;Nesci;Denis;IT;ECR;MALE;ECON,IMCO,FISC,REGI;Polistena;25.0;7.0;1981.0;;;;;politician
197432;jan-christoph oetjen;Oetjen;Jan-Christoph;DE;Renew;MALE;TRAN,LIBE,DROI;Rotenburg;21.0;2.0;1978.0;;;Leibniz University Hannover;university;politician
197825;raffaele stancanelli;Stancanelli;Raffaele;IT;PfE;MALE;AGRI,ITRE,JURI;Regalbuto;30.0;6.0;1950.0;;;University of Catania;;politician
257000;stephen nikola bartulica;Bartulica;Stephen Nikola;HR;ECR;MALE;ECON,PECH,CULT,SEDE;;;;;;;;;
124834;martin sonneborn;Sonneborn;Martin;DE;NI;MALE;LIBE,AFET;Göttingen;15.0;5.0;1965.0;;Engelbert Sonneborn;;phd;writer,manager,media,politician,official
256921;laurent castillo;Castillo;Laurent;FR;PPE;MALE;ENVI,SANT,TRAN;Casablanca;12.0;3.0;1962.0;;;;;
124893;bogdan andrzej zdrojewski;Zdrojewski;Bogdan Andrzej;PL;PPE;MALE;INTA,CULT;Kłodzko;18.0;5.0;1957.0;;;;phd;manager,teacher
257084;joanna scheuring-wielgus;Scheuring-Wielgus;Joanna;PL;S&D;FEMALE;CULT,FEMM,IMCO,PETI;Torun;8.0;2.0;1972.0;;;;;
257046;marta wcisło;Wcisło;Marta;PL;PPE;FEMALE;REGI,AGRI;Kraśnik;26.0;2.0;1969.0;;;;;
197574;damien carême;Carême;Damien;FR;The Left;MALE;LIBE,PETI,DEVE;Joeuf;16.0;11.0;1960.0;;;;;politician
256811;aurelijus veryga;Veryga;Aurelijus;LT;ECR;MALE;ENVI,SANT;Užventis;8.0;8.0;1976.0;;;;;
256998;rachel blom;Blom;Rachel;NL;PfE;FEMALE;EMPL,TRAN;Rotterdam;7.0;10.0;1987.0;;;;;
96761;axel voss;Voss;Axel;DE;PPE;MALE;JURI,IMCO,LIBE;Hameln;7.0;4.0;1963.0;;;Trier University;;lawyer,politician,teacher
197780;bart groothuis;Groothuis;Bart;NL;Renew;MALE;INTA,ITRE,AFET,SEDE;Reutum;1.0;1.0;1981.0;;;Radboud University Nijmegen;;politician
197824;giuseppe milazzo;Milazzo;Giuseppe;IT;ECR;MALE;PECH,REGI,LIBE;Palermo;21.0;8.0;1977.0;;;Libera Università Maria SS. Assunta;;politician
124850;emil radev;Radev;Emil;BG;PPE;MALE;JURI,LIBE,PETI;Varna;26.0;5.0;1971.0;;;University of Economics - Varna,Varna Free University;;lawyer,politician
257094;giovanni crosetto;Crosetto;Giovanni;IT;ECR;MALE;ITRE,ECON;Savigliano;12.0;8.0;1990.0;;;;;
197417;tomislav sokol;Sokol;Tomislav;HR;PPE;MALE;IMCO,ENVI,AFCO,SANT;Zagreb;20.0;9.0;1982.0;;;University of Zagreb;;politician
257083;joão oliveira;Oliveira;João;PT;The Left;MALE;BUDG,EMPL,ITRE;Évora;9.0;7.0;1979.0;;;;;
256885;bruno tobback;Tobback;Bruno;BE;S&D;MALE;ITRE,ENVI;Leuven;22.0;8.0;1969.0;;;;;
96756;sabine verheyen;Verheyen;Sabine;DE;PPE;FEMALE;AFCO,IMCO,CULT;Aachen;24.0;10.0;1964.0;;;St. Ursula Gymnasium Aachen,FH Aachen;university;politician
23699;kateřina konečná;Konečná;Kateřina;CZ;NI;FEMALE;IMCO,ENVI,SANT;Nový Jičín;20.0;1.0;1981.0;;;Masaryk University Faculty of Economics and Administration,University of Finance and Administration,Masaryk University Faculty of Law,Q12018667;university;politician,official
124722;csaba molnár;Molnár;Csaba;HU;S&D;MALE;CONT,ITRE;Csorna;4.0;12.0;1975.0;;;Eötvös Loránd University;university;lawyer,researcher,politician
257255;stanislav stoyanov;Stoyanov;Stanislav;BG;ESN;MALE;AFET,TRAN,IMCO,AGRI;Varna;5.0;4.0;1981.0;;;;;
197400;abir al-sahlani;Al-Sahlani;Abir;SE;Renew;FEMALE;DEVE,LIBE,FEMM;Basra;18.0;5.0;1976.0;;;Mid Sweden University;university;manager,politician
256999;rosa maría serrano sierra;Serrano Sierra;Rosa María;ES;S&D;FEMALE;TRAN,REGI;Zaragoza;11.0;11.0;1969.0;;;;;
125052;juan carlos girauta vidal;Girauta Vidal;Juan Carlos;ES;PfE;MALE;EMPL,JURI,CULT,AFCO;Barcelona;12.0;3.0;1961.0;;;;phd;consultant,lawyer,media,teacher
237465;matthias ecke;Ecke;Matthias;DE;S&D;MALE;ITRE,FISC,ECON,REGI;Meerane;12.0;4.0;1983.0;;;Leipzig University,Charles University;university;researcher,manager,politician,official
256957;mary khan;Khan;Mary;DE;ESN;FEMALE;LIBE;Frankfurt am Main;25.0;6.0;1994.0;;;;;
220871;rihards kols;Kols;Rihards;LV;ECR;MALE;AFET,INTA,ITRE;Riga;16.0;12.0;1984.0;;;;;
197533;manon aubry;Aubry;Manon;FR;The Left;FEMALE;INTA,ECON,FISC;Frejus;22.0;12.0;1989.0;;Bruno Aubry,Catherine Poggi;Columbia University,Sciences Po,University of Sydney;university;athlete,activist,politician,teacher
91636;marit maij;Maij;Marit;NL;S&D;FEMALE;EMPL,DEVE,CONT;Apeldoorn;16.0;1.0;1972.0;;;;;
197552;veronika vrecionová;Vrecionová;Veronika;CZ;ECR;FEMALE;AGRI,LIBE;České Budějovice;8.0;9.0;1965.0;;;Prague University of Economics and Business;;politician
257021;diego solier;SOLIER;Diego;ES;NI;MALE;ITRE,ECON;Valencia;26.0;4.0;1980.0;;;;;
24922;pascal arimont;Arimont;Pascal;BE;PPE;MALE;EMPL,ENVI,REGI;Malmedy;25.0;9.0;1974.0;;;Université catholique de Louvain;university;lawyer,politician
256833;lena schilling;Schilling;Lena;AT;Verts/ALE;FEMALE;ENVI,TRAN;Vienna;8.0;1.0;2001.0;;;;;
197475;christine anderson;Anderson;Christine;DE;ESN;FEMALE;ENVI,SANT,FEMM;Eschwege;29.0;7.0;1968.0;;;;;politician
257160;marco tarquinio;Tarquinio;Marco;IT;S&D;MALE;DEVE,DROI,AFET,LIBE;FOLIGNO;16.0;3.0;1958.0;;;;;
257007;erik kaliňák;Kaliňák;Erik;SK;NI;MALE;LIBE,PETI;Bratislava;9.0;9.0;1991.0;;;;;
257457;zsuzsanna borvendég;Borvendég;Zsuzsanna;HU;ESN;FEMALE;CULT,REGI;Tatabanya;4.0;11.0;1974.0;;;;;
96812;juan fernando lópez aguilar;López Aguilar;Juan Fernando;ES;S&D;MALE;LIBE,AFCO,DEVE;Las Palmas de Gran Canaria;10.0;6.0;1961.0;;;Complutense University of Madrid,The Fletcher School of Law and Diplomacy,Tufts University,University of Granada,University of Bologna;phd;researcher,teacher,caricaturist,lawyer,politician
257057;joão cotrim de figueiredo;Cotrim De Figueiredo;João;PT;Renew;MALE;ITRE,INTA;Lisbon;24.0;6.0;1961.0;;;;;
197470;saskia bricmont;Bricmont;Saskia;BE;Verts/ALE;FEMALE;LIBE,INTA,IMCO;Tournai;16.0;3.0;1985.0;;;Institut d'études européennes,Université Libre de Bruxelles,Free University of Brussels;;politician
256917;majdouline sbai;Sbai;Majdouline;FR;Verts/ALE;FEMALE;INTA,ENVI,SANT;;;;;;;;;
22858;fabienne keller;Keller;Fabienne;FR;Renew;FEMALE;BUDG,LIBE;Sélestat;20.0;10.0;1959.0;;;University of California, Berkeley,Lycée Kléber,École polytechnique,French National School of Forestry;university;manager,politician,banker,official
198176;roman haider;Haider;Roman;AT;PfE;MALE;ENVI,TRAN;Grieskirchen;13.0;4.0;1967.0;;;Johannes Kepler University Linz;;politician
256979;oliver schenk;Schenk;Oliver;DE;PPE;MALE;ENVI,SANT,ITRE,LIBE;Dachau;14.0;8.0;1968.0;;;;;
257018;branislav ondruš;Ondruš;Branislav;SK;NI;MALE;EMPL,INTA;Levoča;28.0;3.0;1973.0;;;;;
257112;vlad vasile-voiculescu;Vasile-Voiculescu;Vlad;RO;Renew;MALE;SANT,CONT,ECON,ENVI;Pucioasa;6.0;9.0;1983.0;;;;;
197843;andrius kubilius;Kubilius;Andrius;LT;PPE;MALE;AFET,DROI,AFCO;Lietuva;8.0;12.0;1956.0;;Vytautas Kubilius,Janina Žėkaitė–Kubilienė;Vilnius University;;researcher,politician
28150;kinga gál;Gál;Kinga;HU;PfE;FEMALE;AFET,LIBE;Cluj-Napoca;6.0;9.0;1970.0;;;Eötvös Loránd University;phd;lawyer,politician,official
197662;vangelis meimarakis;Meimarakis;Vangelis;GR;PPE;MALE;AFET,SEDE;ATHINA;14.0;12.0;1953.0;;Ioannis Meimarakis;National and Kapodistrian University of Athens,Panteion University;;lawyer,politician
256884;kris van dijck;Van Dijck;Kris;BE;ECR;MALE;ITRE,INTA,TRAN;Turnhout;2.0;10.0;1963.0;;;;;
197842;elena yoncheva;Yoncheva;Elena;BG;Renew;FEMALE;LIBE,DEVE,DROI;Sofia;27.0;5.0;1964.0;;;Moscow State University;;media,politician
256908;françois kalfon;Kalfon;François;FR;S&D;MALE;TRAN,IMCO;Sarcelles;11.0;6.0;1968.0;;;;;
256852;nikola bartůšek;Bartůšek;Nikola;CZ;PfE;FEMALE;EMPL,LIBE,SEDE,AFET;České Budějovice;11.0;5.0;1985.0;;;;;
28390;pilar del castillo vera;del Castillo Vera;Pilar;ES;PPE;FEMALE;ITRE,IMCO,CULT;Nador (Marruecos);31.0;7.0;1952.0;;;;phd;researcher,manager,media,teacher,official
58766;nicolae ştefănuță;Ştefănuță;Nicolae;RO;Verts/ALE;MALE;BUDG,ITRE,AGRI;Rășinari;3.0;1.0;1982.0;;;;university;politician,official
257015;jaume asens llodrà;Asens Llodrà;Jaume;ES;Verts/ALE;MALE;LIBE,DROI,AFET;Barcelona;29.0;3.0;1972.0;;;;;
190713;lukas mandl;Mandl;Lukas;AT;PPE;MALE;DEVE,LIBE,JURI;Wien;12.0;7.0;1979.0;;;University of Vienna;university;teacher,politician,consultant
197449;michael bloss;Bloss;Michael;DE;Verts/ALE;MALE;ITRE,ENVI;Filderstadt;6.0;11.0;1986.0;;;;;politician
257012;estrella galán;Galán;Estrella;ES;The Left;FEMALE;LIBE,EMPL;Madrid;24.0;4.0;1971.0;;;;;
197528;ondřej knotek;Knotek;Ondřej;CZ;PfE;MALE;CONT,ENVI,ITRE,SANT;Sušice;31.0;8.0;1984.0;;;University of Chemistry and Technology;;manager,politician
257169;annalisa corrado;Corrado;Annalisa;IT;S&D;FEMALE;ENVI,ITRE,AGRI,PETI;CIVITAVECCHIA;8.0;9.0;1973.0;;;;;
197403;alex agius saliba;Agius Saliba;Alex;MT;S&D;MALE;IMCO,EMPL,LIBE,PETI;Pieta;31.0;1.0;1988.0;;;University of Malta;;politician
197845;tsvetelina penkova;Penkova;Tsvetelina;BG;S&D;FEMALE;ITRE,ECON,IMCO,REGI;Sofia;19.0;2.0;1988.0;;;Central European University;university;politician
197537;alexandr vondra;Vondra;Alexandr;CZ;ECR;MALE;ENVI,SEDE;Praha;17.0;8.0;1961.0;;;Faculty of Science, Charles University;;researcher,media,politician,official
257087;adnan dibrani;Dibrani;Adnan;SE;S&D;MALE;IMCO,BUDG,ECON;Mitrovice;12.0;2.0;1985.0;;;;;
197655;cristian terheş;Terheş;Cristian;RO;ECR;MALE;AFET,CONT,PETI;Zalău;4.0;12.0;1978.0;;;;;priest,politician
256997;sandra gómez lópez;Gómez López;Sandra;ES;S&D;FEMALE;BUDG,PETI,AFET,DROI;Valencia;23.0;7.0;1985.0;;;;;
257107;virgil-daniel popescu;Popescu;Virgil-Daniel;RO;PPE;MALE;ITRE,CONT,ENVI;Drobeta Turnu Severin;25.0;4.0;1968.0;;;;;
257145;daniele polato;Polato;Daniele;IT;ECR;MALE;INTA,IMCO;Verona;4.0;6.0;1975.0;;;;;
124858;fabio de masi;De Masi;Fabio;DE;NI;MALE;ECON,INTA,FISC;Groß-Gerau;7.0;3.0;1980.0;;;;university;manager,teacher,official
200345;pierre-romain thionnet;Thionnet;Pierre-Romain;FR;PfE;MALE;AFET,SEDE,ITRE;Pontarlier;19.0;1.0;1994.0;;;;;
125046;jonás fernández;Fernández;Jonás;ES;S&D;MALE;ECON,FISC,BUDG;Oviedo;8.0;1.0;1979.0;;;;university;researcher,manager,politician
197445;moritz körner;Körner;Moritz;DE;Renew;MALE;LIBE,BUDG;Wiesbaden;3.0;8.0;1990.0;;;;university;politician
96681;vilija blinkevičiūtė;Blinkevičiūtė;Vilija;LT;S&D;FEMALE;EMPL,FEMM;Linkuva;3.0;3.0;1960.0;;;Vilnius University Faculty of Law;;lawyer,politician
1909;bernd lange;Lange;Bernd;DE;S&D;MALE;INTA;Oldenburg;14.0;11.0;1955.0;;;University of Göttingen;university;screenwriter,manager,politician,trade unionist,teacher
197466;jutta paulus;Paulus;Jutta;DE;Verts/ALE;FEMALE;ENVI,ITRE,TRAN;Giessen;9.0;5.0;1967.0;;;Herderschule Gießen,University of Marburg;;politician
257121;matteo ricci;Ricci;Matteo;IT;S&D;MALE;TRAN,ENVI;Pesaro;18.0;7.0;1974.0;;;;;
96791;elżbieta katarzyna łukacijewska;Łukacijewska;Elżbieta Katarzyna;PL;PPE;FEMALE;ENVI,TRAN,FEMM;Jasło;25.0;11.0;1966.0;;;;university;politician,official
256913;emma fourreau;Fourreau;Emma;FR;The Left;FEMALE;ENVI,PECH;Pontault-Combault;1.0;10.0;1999.0;;;;;
96709;morten løkkegaard;Løkkegaard;Morten;DK;Renew;MALE;ITRE,ECON,IMCO;Helsingør;20.0;12.0;1964.0;;;Danish School of Journalism;;communications adviser,media,politician
257025;kristoffer storm;Storm;Kristoffer;DK;ECR;MALE;DEVE,ECON,ENVI;Hillerød;26.0;1.0;1989.0;;;;;
257299;kathleen funchion;Funchion;Kathleen;IE;The Left;FEMALE;REGI,EMPL;Kilkenny;22.0;4.0;1981.0;;;;;
256808;petras gražulis;Gražulis;Petras;LT;ESN;MALE;JURI,ITRE,PETI;Monkunu k., Alytaus raj.;28.0;10.0;1958.0;;;;;
257149;lara magoni;Magoni;Lara;IT;ECR;FEMALE;CULT,EMPL,ITRE;Alzano Lombardo (BG);29.0;1.0;1969.0;;;;;
257011;lucia yar;Yar;Lucia;SK;Renew;FEMALE;BUDG,FEMM,AFET,LIBE;Snina;15.0;5.0;1987.0;;;;;
197840;rasa juknevičienė;Juknevičienė;Rasa;LT;PPE;FEMALE;DEVE,AFET,LIBE,SEDE;Panevėžys;26.0;1.0;1958.0;;;;;politician
256844;jaroslava pokorná jermanová;Pokorná Jermanová;Jaroslava;CZ;PfE;FEMALE;ECON,AFET,SEDE;Karlovy Vary;17.0;8.0;1970.0;;;;;
256974;verena mertens;Mertens;Verena;DE;PPE;FEMALE;LIBE,CONT,FEMM;Salzkotten;20.0;11.0;1981.0;;;;;
124806;david mcallister;McAllister;David;DE;PPE;MALE;AFET,INTA;Berlin;12.0;1.0;1971.0;;;Leibniz University Hannover;secondary;lawyer,politician
197425;ralf seekatz;Seekatz;Ralf;DE;PPE;MALE;ECON,INTA;DERNBACH;10.0;11.0;1972.0;;;;phd;politician
197699;elena kountoura;Kountoura;Elena;GR;The Left;FEMALE;TRAN,FEMM,REGI;Athens;2.0;11.0;1962.0;;Alexandros Kountouras;National and Kapodistrian University of Athens;university;athlete,manager,politician,model
256946;christine singer;Singer;Christine;DE;Renew;FEMALE;AGRI,ENVI;Weilheim;24.0;7.0;1965.0;;;;;
256951;anja arndt;Arndt;Anja;DE;ESN;FEMALE;ENVI,PECH,LIBE;Groß Neßhausen, Tettens/Wangerland;10.0;1.0;1966.0;;;;;
204346;dominik tarczyński;Tarczyński;Dominik;PL;ECR;MALE;INTA,JURI;Lublin;27.0;3.0;1979.0;;;John Paul II Catholic University of Lublin;;politician,film director
256860;andrás lászló;László;András;HU;PfE;MALE;LIBE,DROI,AFET,ITRE;;;;;;;;;
256888;rody tolassy;Tolassy;Rody;FR;PfE;MALE;REGI,DEVE;Pointe-à-Pitre;21.0;9.0;1987.0;;;;;
257238;aodhán ó ríordáin;Ó Ríordáin;Aodhán;IE;S&D;MALE;EMPL,LIBE;Dublin;22.0;7.0;1976.0;;;;;
256919;christophe gomart;Gomart;Christophe;FR;PPE;MALE;AFET,SEDE,ECON;Saumur;20.0;6.0;1960.0;;;;;
256944;hans neuhoff;Neuhoff;Hans;DE;ESN;MALE;SEDE,AFET,AFCO;Bonn;10.0;1.0;1959.0;;;;;
124877;jadwiga wiśniewska;Wiśniewska;Jadwiga;PL;ECR;FEMALE;LIBE,ENVI,FEMM;Myszków;2.0;7.0;1963.0;;;Jan Długosz University;;politician
197435;gabriele bischoff;Bischoff;Gabriele;DE;S&D;FEMALE;EMPL,AFCO;Bad Wildungen;4.0;1.0;1961.0;;;;;trade unionist,manager,politician,official
197398;pär holmgren;Holmgren;Pär;SE;Verts/ALE;MALE;ENVI,AGRI;Gävle;24.0;10.0;1964.0;;;Uppsala University;phd;writer,teacher,doctor,meteorologist,politician
257261;ilia lazarov;Lazarov;Ilia;BG;PPE;MALE;INTA,AGRI;Sofía;19.0;9.0;1965.0;;;;;
257151;letizia moratti;Moratti;Letizia;IT;PPE;FEMALE;EMPL,ITRE,ENVI,SANT;Milan;26.0;11.0;1949.0;;;;;
197670;andreas schieder;Schieder;Andreas;AT;S&D;MALE;AFET,TRAN;Wien;16.0;4.0;1969.0;;Peter Schieder;University of Vienna;university;politician
257009;isabel serra sánchez;Serra Sánchez;Isabel;ES;The Left;FEMALE;DEVE,DROI,LIBE,PETI;Madrid;15.0;8.0;1989.0;;;;;
96711;pascal canfin;Canfin;Pascal;FR;Renew;MALE;ENVI,JURI,ECON,FISC;Arras;22.0;8.0;1974.0;;;Newcastle University,Institut d'études politiques de Bordeaux;;politician,media,teacher
193292;tilly metz;Metz;Tilly;LU;Verts/ALE;FEMALE;ENVI,SANT,TRAN,AGRI;Luxembourg;26.0;5.0;1967.0;;;Université catholique de Louvain;university;politician,manager,teacher,official
193419;christophe hansen;Hansen;Christophe;LU;PPE;MALE;INTA,EMPL,TRAN,ECON,ENVI;WILTZ;21.0;2.0;1982.0;;;Louis Pasteur University;university;politician
257139;benedetta scuderi;Scuderi;Benedetta;IT;Verts/ALE;FEMALE;ITRE,FEMM,EMPL,CULT;Agropoli;8.0;9.0;1991.0;;;;;
256942;marc jongen;Jongen;Marc;DE;ESN;MALE;DEVE,ENVI,CULT,DROI;Merano;23.0;5.0;1968.0;;;;;
256855;pál szekeres;Szekeres;Pál;HU;PfE;MALE;EMPL,PETI;Budapest;22.0;9.0;1964.0;;;;;
256814;zala tomašič;Tomašič;Zala;SI;PPE;FEMALE;CULT,ITRE,IMCO;Kranj;29.0;9.0;1995.0;;;;;
257072;tomasz buczek;Buczek;Tomasz;PL;NI;MALE;FEMM,PECH;Kolbuszowa;24.0;4.0;1986.0;;;;;
257138;giuseppe antoci;Antoci;Giuseppe;IT;The Left;MALE;LIBE,REGI,AGRI;Santo Stefano di Camastra;11.0;1.0;1968.0;;;;;
197433;katarina barley;Barley;Katarina;DE;S&D;FEMALE;IMCO,LIBE;Köln;19.0;11.0;1968.0;;;University of Münster,University of Paris-Sud,University of Marburg;phd;lawyer,politician
197648;alexander bernhuber;Bernhuber;Alexander;AT;PPE;MALE;ENVI,PETI,AGRI;St. Pölten;18.0;5.0;1992.0;;;University of Natural Resources and Life Sciences, Vienna;university;farmer,manager,politician
256805;li andersson;Andersson;Li;FI;The Left;FEMALE;EMPL,ENVI;Turku;13.0;5.0;1987.0;;;;;
257067;grzegorz braun;Braun;Grzegorz;PL;NI;MALE;AFET,CONT;Toruń;11.0;3.0;1967.0;;;;;
197646;mircea-gheorghe hava;Hava;Mircea-Gheorghe;RO;PPE;MALE;DROI,AFET,TRAN;Oradea;26.0;12.0;1956.0;;;;;
204332;barry andrews;Andrews;Barry;IE;Renew;MALE;DEVE,ITRE,DROI;Dublin;16.0;5.0;1967.0;;David Andrews;University College Dublin;university;lawyer,politician,teacher
218347;thijs reuten;Reuten;Thijs;NL;S&D;MALE;AFET,AFCO,LIBE;Bussum;1.0;1.0;1974.0;;Rosa Reuten,Geert Reuten;;;politician
256897;gaëtan dussausaye;Dussausaye;Gaëtan;FR;PfE;MALE;INTA,ECON,IMCO;BRÉTIGNY-SUR-ORGE;5.0;4.0;1994.0;;;;;
256878;marie-luce brasier-clain;Brasier-Clain;Marie-Luce;FR;PfE;FEMALE;SANT,ENVI,REGI;Saint Pierre;19.0;10.0;1959.0;;;;;
257060;arkadiusz mularczyk;Mularczyk;Arkadiusz;PL;ECR;MALE;AFET,DROI,JURI;Racibórz;4.0;2.0;1971.0;;;;;
244571;nikos papandreou;Papandreou;Nikos;GR;S&D;MALE;ECON,CULT;Alameda, California;29.0;9.0;1956.0;;;;phd;teacher
256806;sebastian tynkkynen;Tynkkynen;Sebastian;FI;ECR;MALE;AFET,LIBE;Lohtaja;8.0;3.0;1989.0;;;;;
197391;heléne fritzon;Fritzon;Heléne;SE;S&D;FEMALE;ENVI,FEMM,AGRI;Kristianstad;29.0;9.0;1960.0;;;;;politician,official
197738;lídia pereira;Pereira;Lídia;PT;PPE;FEMALE;ECON,INTA,ENVI,FISC;Se Nova;26.0;7.0;1991.0;;;University of Coimbra,College of Europe;;artist,politician,designer
30123;guillaume peltier;Peltier;Guillaume;FR;ECR;MALE;ECON,REGI,CULT;;;;;;;;;
96940;gerben-jan gerbrandy;Gerbrandy;Gerben-Jan;NL;Renew;MALE;CONT,ENVI,ECON;Den Haag;28.0;6.0;1967.0;;;;;
197556;ivan david;David;Ivan;CZ;ESN;MALE;AGRI,ENVI,SANT;Prague;24.0;9.0;1952.0;;;Charles University;;politician,doctor
119435;davor ivo stier;Stier;Davor Ivo;HR;PPE;MALE;AFET,ITRE;Buenos Aires;6.0;1.0;1972.0;;;;university;manager,politician,official
257022;nora junco garcía;JUNCO GARCÍA;Nora;ES;NI;FEMALE;PECH,BUDG;;;;;;;;;
257090;beatrice timgren;Timgren;Beatrice;SE;ECR;FEMALE;ENVI,PECH;Järfälla;12.0;5.0;1989.0;;;;;
197422;christine schneider;Schneider;Christine;DE;PPE;FEMALE;ENVI,AGRI;Landau;5.0;6.0;1972.0;;;Berufsakademie Mosbach;secondary;politician
197682;hannes heide;Heide;Hannes;AT;S&D;MALE;CULT,REGI,LIBE;Bad Ischl;17.0;10.0;1966.0;;;;secondary;politician,media,manager
197778;tom berendsen;Berendsen;Tom;NL;PPE;MALE;ITRE,TRAN,AFCO;Breda;11.0;4.0;1983.0;;;Tilburg University,Katholieke Universiteit Leuven;;politician
236053;marina mesure;Mesure;Marina;FR;The Left;FEMALE;ITRE,INTA;Marseille;12.0;7.0;1989.0;;;;;cadres de la fonction publique,politician
257100;gheorghe cârciu;Cârciu;Gheorghe;RO;S&D;MALE;AGRI,LIBE;Bixad;14.0;4.0;1973.0;;;;;
197690;andré rougé;Rougé;André;FR;PfE;MALE;REGI,PECH;Paris;23.0;12.0;1961.0;;;;;anciens cadres,politician
183916;alexandra geese;Geese;Alexandra;DE;Verts/ALE;FEMALE;ITRE,FEMM,IMCO;Lippstadt;1.0;7.0;1968.0;;;;;translator,politician
220801;sophie wilmès;Wilmès;Sophie;BE;Renew;FEMALE;LIBE,ITRE;Ixelles;15.0;1.0;1975.0;;;;;
96653;katarína roth neveďalová;Roth Neveďalová;Katarína;SK;NI;FEMALE;AGRI,REGI;Nitra;10.0;11.0;1982.0;;;;;politician
256938;tobias cremer;Cremer;Tobias;DE;S&D;MALE;AFET,SEDE;Bochum;30.0;6.0;1992.0;;;;;
257296;nina carberry;Carberry;Nina;IE;PPE;FEMALE;TRAN,INTA,BUDG;Dublin;21.0;7.0;1984.0;;;;;
96725;bas eickhout;Eickhout;Bas;NL;Verts/ALE;MALE;ECON,ENVI;Groesbeek;8.0;10.0;1976.0;;;Radboud University Nijmegen;;researcher,politician
197628;jean-paul garraud;Garraud;Jean-Paul;FR;PfE;MALE;AFCO,PETI;Toulouse;27.0;2.0;1956.0;;;French National School for the Judiciary;phd;lawyer,manager,politician,official
256841;helmut brandstätter;Brandstätter;Helmut;AT;Renew;MALE;AFET,AFCO;Wien;24.0;4.0;1955.0;;;;;
256935;sabrina repp;Repp;Sabrina;DE;S&D;FEMALE;REGI,CULT,FEMM;Rostock;1.0;2.0;1999.0;;;;;
197447;irena joveva;Joveva;Irena;SI;Renew;FEMALE;EMPL,LIBE,SANT;Kranj;26.0;2.0;1989.0;;;University of Ljubljana;university;media,politician
188945;dennis radtke;Radtke;Dennis;DE;PPE;MALE;EMPL,ENVI;Bochum;29.0;4.0;1979.0;;;;university;trade unionist,politician
257096;stefano cavedagna;Cavedagna;Stefano;IT;ECR;MALE;IMCO,ENVI;Bologna;9.0;12.0;1989.0;;;;;
257038;sigrid friis;Friis;Sigrid;DK;Renew;FEMALE;ITRE,ENVI,LIBE;Hillerød;20.0;10.0;1994.0;;;;;
256955;maria zacharia;ZACHARIA;Maria;GR;NI;FEMALE;PETI,EMPL;;;;;;;;;
198373;judita laššáková;Laššáková;Judita;SK;NI;FEMALE;FEMM,IMCO;Bratislava;4.0;12.0;1977.0;;;;;
197473;christian doleschal;Doleschal;Christian;DE;PPE;MALE;IMCO,REGI,AFCO;KEMNATH;27.0;4.0;1988.0;;;;;lawyer,politician
257085;krzysztof śmiszek;Śmiszek;Krzysztof;PL;S&D;MALE;JURI,LIBE,AFCO;STALOWA WOLA;25.0;8.0;1979.0;;;;;
256902;emma rafowicz;Rafowicz;Emma;FR;S&D;FEMALE;CULT,FEMM,LIBE;Paris;24.0;6.0;1995.0;;;;;
1294;elio di rupo;Di Rupo;Elio;BE;S&D;MALE;AFET,LIBE,SEDE;Morlanwelz;18.0;7.0;1951.0;;;;;
247735;laura ballarín cereza;Ballarín Cereza;Laura;ES;S&D;FEMALE;IMCO,AFET,ITRE;Barcelona;19.0;7.0;1984.0;;;;phd;researcher,manager,politician
257037;michał kobosko;Kobosko;Michał;PL;Renew;MALE;ITRE,PETI,AFET;Warszawa;15.0;4.0;1968.0;;;;;
197448;rasmus andresen;Andresen;Rasmus;DE;Verts/ALE;MALE;BUDG,ECON,FISC,REGI;Essen;20.0;2.0;1986.0;;;FernUniversität in Hagen;;politician
256980;alexandra mehnert;Mehnert;Alexandra;DE;PPE;FEMALE;TRAN,PETI,REGI;Magdeburg;6.0;8.0;1974.0;;;;;
257147;alessandro ciriani;Ciriani;Alessandro;IT;ECR;MALE;LIBE,ITRE;Pordenone;2.0;8.0;1970.0;;;;;
185619;tiemo wölken;Wölken;Tiemo;DE;S&D;MALE;ENVI,SANT,JURI;Otterndorf;5.0;12.0;1985.0;;;University of Hull,Halepaghen-Schule;university;lawyer,researcher,politician,teacher
23781;janusz lewandowski;Lewandowski;Janusz;PL;PPE;MALE;BUDG,CONT,ECON;Lublin;13.0;6.0;1951.0;;;University of Gdańsk;phd;athlete,researcher,politician,teacher
124760;nicolas bay;Bay;Nicolas;FR;ECR;MALE;LIBE,INTA;Saint-Germain-en-Laye;21.0;12.0;1977.0;;;Paris Nanterre University;;politician
197492;bartosz arłukowicz;Arłukowicz;Bartosz;PL;PPE;MALE;ENVI,SANT,PECH;Resko;30.0;12.0;1971.0;;;University of Szczecin;;politician,pediatrician,teacher
256952;nikos pappas;Pappas;Nikos;GR;The Left;MALE;ITRE,CULT,PETI;MAROUSI-ATTIKIS;11.0;7.0;1990.0;;;;;
34232;kristian vigenin;Vigenin;Kristian;BG;S&D;MALE;ENVI,LIBE,AFCO,SEDE;Sofia;12.0;6.0;1975.0;;;;;
256989;fidias panayiotou;Panayiotou;Fidias;CY;NI;MALE;ECON,PETI;Lefkosia;10.0;4.0;2000.0;;;;;
28307;francisco assis;Assis;Francisco;PT;S&D;MALE;ECON,LIBE,DROI,AFET,INTA;Amarante;8.0;1.0;1965.0;;;;;
124713;tomáš zdechovský;Zdechovský;Tomáš;CZ;PPE;MALE;CONT,LIBE,IMCO;Havlíčkův Brod;2.0;11.0;1979.0;;;University of South Bohemia in České Budějovice,Masaryk University,Salesian Pontifical University;university;writer,manager,poet,media,politician
28229;manfred weber;Weber;Manfred;DE;PPE;MALE;;Niederhatzkofen;14.0;7.0;1972.0;;;Munich University of Applied Sciences;university;politician
189065;france jamet;Jamet;France;FR;PfE;FEMALE;PECH,REGI;Paris;5.0;2.0;1961.0;;Alain Jamet,Marc-Antoine Jamet,Dominique Jamet;;;politician,q97768463
256990;anna strolenberg;Strolenberg;Anna;NL;Verts/ALE;FEMALE;AGRI,LIBE,FEMM;Utrecht;23.0;7.0;1995.0;;;;;
122978;alicia homs ginel;Homs Ginel;Alicia;ES;S&D;FEMALE;EMPL,TRAN;Palma;15.0;10.0;1993.0;;;Autonomous University of Barcelona;university;politician,official
257257;hristo petrov;Petrov;Hristo;BG;Renew;MALE;CULT,EMPL;Sofia;19.0;12.0;1979.0;;;;;
257061;ana vasconcelos;Vasconcelos;Ana;PT;Renew;FEMALE;ENVI,TRAN;Terceira, Açores;14.0;3.0;1985.0;;;;;
257026;michał szczerba;Szczerba;Michał;PL;PPE;MALE;AFET,ITRE,SEDE;Warszawa;14.0;12.0;1977.0;;;;;
185771;tom vandendriessche;Vandendriessche;Tom;BE;PfE;MALE;LIBE,IMCO;Leuven;27.0;10.0;1978.0;;;Ghent University;;politician
256954;afroditi latinopoulou;Latinopoulou;Afroditi;GR;PfE;FEMALE;REGI,CULT,AFET,LIBE;;;;;;;;;
256925;laurence trochu;Trochu;Laurence;FR;ECR;FEMALE;FEMM,SANT,ENVI;Nantes;4.0;7.0;1973.0;;;;;
96668;seán kelly;Kelly;Seán;IE;PPE;MALE;ITRE,AFET,ENVI;Killarney;26.0;4.0;1952.0;;Fionnuala Kenny;University College Dublin,St Patrick's College,St. Brendan's College, Killarney;;athlete,politician
112744;tonino picula;Picula;Tonino;HR;S&D;MALE;AFET,SEDE;Mali Lošinj;31.0;8.0;1961.0;;;Faculty of Humanities and Social Sciences, University of Zagreb;university;researcher,politician,official
2341;michael gahler;Gahler;Michael;DE;PPE;MALE;AFET,DEVE,ECON;Frankfurt/Main;22.0;4.0;1960.0;;;Friedrich-Dessauer-Gymnasium, Frankfurt;university;lawyer,politician,official
197577;gilles boyer;Boyer;Gilles;FR;Renew;MALE;CONT,ECON,FISC,AFCO;Paris;4.0;7.0;1971.0;;;Paris Nanterre University;;politician,writer
257048;paulo do nascimento cabral;Do Nascimento Cabral;Paulo;PT;PPE;MALE;AGRI,PECH,REGI,FEMM;Ponta Delgada;20.0;8.0;1981.0;;;;;
256922;marion maréchal;Maréchal;Marion;FR;ECR;FEMALE;AFET,ITRE;Saint-Germain-en-Laye;10.0;12.0;1989.0;;;;;
72779;nadine morano;Morano;Nadine;FR;PPE;FEMALE;LIBE,DEVE,PETI;Nancy;6.0;11.0;1963.0;;;University of Lorraine;;politician
197829;jorge buxadé villalba;Buxadé Villalba;Jorge;ES;PfE;MALE;ENVI,LIBE,SEDE;BARCELONA;16.0;6.0;1975.0;;;Abat Oliba CEU University;university;teacher,lawyer,politician
197553;beata szydło;Szydło;Beata;PL;ECR;FEMALE;ITRE,TRAN;Oswiecim;15.0;4.0;1963.0;;;SGH Warsaw School of Economics,Jagiellonian University,Krakow University of Economics;;ethnologist,politician
206158;manuela ripa;Ripa;Manuela;DE;PPE;FEMALE;CULT,ENVI,SANT;Saarbrücken;1.0;1.0;1976.0;;;Gymnasium am Rotenbühl,Saarland University;university;lawyer,manager,politician,official
257069;ewa zajączkowska-hernik;Zajączkowska-Hernik;Ewa;PL;ESN;FEMALE;LIBE,ECON,FISC;Radom;20.0;1.0;1990.0;;;;;
96826;tamás deutsch;Deutsch;Tamás;HU;PfE;MALE;BUDG,CONT,REGI;Budapest;27.0;7.0;1966.0;;László Lazsányi,Lajos Für;Saint Margaret High School, Budapest,Eötvös Loránd University;university;lawyer,politician
256886;valérie deloge;Deloge;Valérie;FR;PfE;FEMALE;AGRI,ENVI;Fontenay-aux-Roses;9.0;5.0;1966.0;;;;;
256829;sakis arnaoutoglou;Arnaoutoglou;Sakis;GR;S&D;MALE;ENVI,PECH,REGI,AGRI;Thessaloniki;13.0;12.0;1969.0;;;;;
124813;dario tamburrano;Tamburrano;Dario;IT;The Left;MALE;ITRE,TRAN;Roma;27.0;8.0;1969.0;;;;university;consultant
257045;michał wawrykiewicz;Wawrykiewicz;Michał;PL;PPE;MALE;JURI,LIBE;Warszawa;11.0;5.0;1971.0;;;;;
197439;damian boeselager;Boeselager;Damian;DE;Verts/ALE;MALE;CONT,ECON,BUDG,ITRE;Frankfurt am Main;8.0;3.0;1988.0;;Georg Freiherr von Boeselager,Huberta Thiel,Albrecht Freiherr von Boeselager;Columbia University,Aloisiuskolleg,Hertie School,University of Bayreuth;university;politician,media,consultant
202073;marc angel;Angel;Marc;LU;S&D;MALE;EMPL,IMCO,AFCO;Luxembourg-Ville;12.0;3.0;1963.0;;;University of Vienna,TU Wien;university;politician,translator,teacher
257042;marcin kierwiński;Kierwiński;Marcin;PL;PPE;MALE;SEDE,AFET,ITRE;Warszawa;22.0;8.0;1976.0;;;;;
4746;sergio berlato;Berlato;Sergio;IT;ECR;MALE;AGRI,ENVI;MARANO VICENTINO;27.0;7.0;1959.0;;;;university;manager,politician
2268;jonas sjöstedt;Sjöstedt;Jonas;SE;The Left;MALE;CONT,ENVI,AFET;Göteborg;25.0;12.0;1964.0;;;;;
256874;mélanie disdier;Disdier;Mélanie;FR;PfE;FEMALE;EMPL;Cambrai;27.0;1.0;1974.0;;;;;
197820;nicola procaccini;Procaccini;Nicola;IT;ECR;MALE;EMPL,ENVI,ITRE,AFCO,AGRI,LIBE;Roma;21.0;1.0;1976.0;;Maria Burani Procaccini;Sapienza University of Rome;university;manager,media,politician
197870;kim van sparrentak;Van Sparrentak;Kim;NL;Verts/ALE;FEMALE;IMCO,EMPL;Vlissingen;16.0;10.0;1989.0;;;Wageningen University & Research,University of Amsterdam;;politician
197772;tineke strik;Strik;Tineke;NL;Verts/ALE;FEMALE;LIBE,AFET,JURI;Appeltern;28.0;9.0;1961.0;;;Radboud University Nijmegen;;social worker,politician
197773;bert-jan ruissen;Ruissen;Bert-Jan;NL;ECR;MALE;AGRI,PECH,CONT,DROI;Reimerswaal;22.0;3.0;1972.0;;;Wageningen University & Research;;researcher,media,politician
257031;dariusz joński;Joński;Dariusz;PL;PPE;MALE;TRAN,PETI,INTA;Łódź;12.0;1.0;1979.0;;;;;
124726;henna virkkunen;Virkkunen;Henna;FI;PPE;FEMALE;ITRE,FEMM,BUDG,ENVI;Joutsa;4.0;6.0;1972.0;;;University of Jyväskylä;university;politician,media,teacher
88552;julien sanchez;Sanchez;Julien;FR;PfE;MALE;BUDG,CONT;Argenteuil;19.0;10.0;1983.0;;;;;
125065;elissavet vozemberg-vrionidi;Vozemberg-Vrionidi;Elissavet;GR;PPE;FEMALE;TRAN,LIBE,FEMM;Athina;14.0;9.0;1956.0;;;;;
112747;romana jerković;Jerković;Romana;HR;S&D;FEMALE;ENVI,SANT,EMPL;Split;28.0;11.0;1964.0;;;University of Rijeka;;politician,doctor
197719;cristina maestre;Maestre;Cristina;ES;S&D;FEMALE;AGRI,INTA;Ciudad Real;27.0;7.0;1975.0;;;;university;social worker,politician
256909;vilis krištopans;Krištopans;Vilis;LV;PfE;MALE;AFET,TRAN,AGRI;;;;;;;;;
197426;sven simon;Simon;Sven;DE;PPE;MALE;AFCO,AFET;Lahn-Wetzlar;9.0;10.0;1978.0;;;University of Giessen;phd;lawyer,researcher,politician,teacher
256864;andrás tivadar kulja;Kulja;András Tivadar;HU;PPE;MALE;ENVI,SANT,EMPL;Nyiregyhaza;17.0;9.0;1989.0;;;;;
233862;matjaž nemec;Nemec;Matjaž;SI;S&D;MALE;BUDG,LIBE,AFET;Šempeter pri Gorici;10.0;4.0;1980.0;;Negovan Nemec,Nelida Nemec;;university;politician
256968;ingeborg ter laak;Ter Laak;Ingeborg;NL;PPE;FEMALE;ENVI,AFET,SANT;Gouda;18.0;2.0;1973.0;;;;;
28122;david casa;Casa;David;MT;PPE;MALE;EMPL,ECON,LIBE;Valletta;16.0;11.0;1968.0;;;;;politician
124785;maria grapini;Grapini;Maria;RO;S&D;FEMALE;IMCO,AGRI,CONT;Berești - Galați;7.0;11.0;1954.0;;;Gheorghe Asachi Technical University of Iași;secondary;engineer,manager,politician,consultant
257119;şerban-dimitrie sturdza;Sturdza;Şerban-Dimitrie;RO;ECR;MALE;REGI,AFET;Bucarest;30.0;3.0;1967.0;;;;;
201945;virginijus sinkevičius;Sinkevičius;Virginijus;LT;Verts/ALE;MALE;TRAN,ITRE;Vilnius;4.0;11.0;1990.0;;;;;
197734;lefteris nikolaou-alavanos;Nikolaou-Alavanos;Lefteris;GR;NI;MALE;PETI,FISC,ECON;Athens;7.0;2.0;1985.0;;;National and Kapodistrian University of Athens;;politician
257066;andré rodrigues;Rodrigues;André;PT;S&D;MALE;AGRI,PECH,TRAN;Ponta Delgada;12.0;2.0;1977.0;;;;;
124866;ilhan kyuchyuk;Kyuchyuk;Ilhan;BG;Renew;MALE;JURI,AFET,ENVI;Sevlievo;16.0;9.0;1985.0;;;;university;politician
256824;yannis maniatis;Maniatis;Yannis;GR;S&D;MALE;ITRE,AFET,TRAN,PETI,SEDE;Argos;11.0;10.0;1956.0;;;;;
257101;cecilia strada;Strada;Cecilia;IT;S&D;FEMALE;LIBE,DEVE,EMPL,FEMM;Milan;12.0;3.0;1979.0;;;;;
256842;gerald hauser;Hauser;Gerald;AT;PfE;MALE;SANT,ENVI,AGRI;St. Jakob im Defereqqental;30.0;9.0;1961.0;;;;;
106936;daniel freund;Freund;Daniel;DE;Verts/ALE;MALE;CONT,AFCO,LIBE;Aachen;14.0;10.0;1984.0;;;Leipzig University,Sciences Po;university;manager,media,politician
219652;matej tonin;Tonin;Matej;SI;PPE;MALE;ITRE,AFET;Ljubljana;30.0;7.0;1983.0;;;;;
257113;antonella sberna;Sberna;Antonella;IT;ECR;FEMALE;REGI,ENVI;Roma;11.0;1.0;1982.0;;;;;
257024;mireia borrás pabón;Borrás Pabón;Mireia;ES;PfE;FEMALE;AGRI,FEMM,ENVI,REGI,PETI;Madrid;14.0;10.0;1986.0;;;;;
197606;javier zarzalejos;Zarzalejos;Javier;ES;PPE;MALE;JURI,LIBE,PECH;Bilbao;6.0;6.0;1960.0;;José Antonio Zarzalejos Altares;University of Deusto;university;manager,lawyer,media,politician,official
123562;charlie weimers;Weimers;Charlie;SE;ECR;MALE;LIBE,AFCO;HAMMARÖ;12.0;11.0;1982.0;;;;;politician
197711;dolors montserrat;Montserrat;Dolors;ES;PPE;FEMALE;ENVI,PETI,SANT,LIBE;Barcelona;18.0;9.0;1973.0;;;;phd;lawyer
256845;ondřej krutílek;Krutílek;Ondřej;CZ;ECR;MALE;ITRE,TRAN;Nový Jičín;30.0;4.0;1981.0;;;;;
197832;diana riba i giner;Riba I Giner;Diana;ES;Verts/ALE;FEMALE;CULT,LIBE;Barcelona;21.0;2.0;1975.0;;;University of Barcelona;phd;researcher,politician,bookseller,civil rights advocate
256898;pierre jouvet;Jouvet;Pierre;FR;S&D;MALE;IMCO,ENVI,SANT;Valence;6.0;10.0;1986.0;;;;;
124973;gerolf annemans;Annemans;Gerolf;BE;PfE;MALE;AFCO,CULT;Antwerpen;8.0;11.0;1958.0;;;University of Antwerp;university;lawyer,politician
257163;francesco torselli;Torselli;Francesco;IT;ECR;MALE;INTA,EMPL,ITRE;FIRENZE;9.0;3.0;1976.0;;;;;
257023;per clausen;Clausen;Per;DK;The Left;MALE;EMPL,ENVI,ITRE;Kongsvinger;20.0;2.0;1955.0;;;;;
257079;sérgio gonçalves;Gonçalves;Sérgio;PT;S&D;MALE;TRAN,REGI,PECH;Funchal;7.0;4.0;1979.0;;;;;
257727;pierfrancesco maran;Maran;Pierfrancesco;IT;S&D;MALE;IMCO,EMPL;Milano;27.0;5.0;1980.0;;;;;
256918;céline imart;Imart;Céline;FR;PPE;FEMALE;INTA,AGRI,BUDG;Toulouse;24.0;8.0;1982.0;;;;;
197464;hannah neumann;Neumann;Hannah;DE;Verts/ALE;FEMALE;AFET,SEDE,LIBE,DROI;Speyer;3.0;4.0;1984.0;;;Free University Berlin;phd;politician,manager,teacher,consultant
197543;bernard guetta;Guetta;Bernard;FR;Renew;MALE;AFET,DROI,CULT;Boulogne-Billancourt;28.0;1.0;1951.0;;David Guetta;Centre de formation des journalistes;;media,politician,writer
256889;liesbet sommen;Sommen;Liesbet;BE;PPE;FEMALE;EMPL,ENVI,FEMM;Turnhout;13.0;4.0;1984.0;;;;;
197818;billy kelleher;Kelleher;Billy;IE;Renew;MALE;ECON,FISC,ENVI,FEMM,SANT;Cork;20.0;1.0;1968.0;;;Cork Institute of Technology;;farmer,politician
257137;marco falcone;Falcone;Marco;IT;PPE;MALE;ECON,PECH;Catania;5.0;1.0;1971.0;;;;;
190574;tomasz froelich;Froelich;Tomasz;DE;ESN;MALE;DROI,AFET,DEVE;Hamburg;15.0;10.0;1988.0;;;;;
256880;estelle ceulemans;Ceulemans;Estelle;BE;S&D;FEMALE;EMPL,ENVI,SANT;Rocourt;12.0;2.0;1970.0;;;;;
256896;angéline furet;Furet;Angéline;FR;PfE;FEMALE;BUDG,EMPL;Le Mans;24.0;7.0;1981.0;;;;;
257093;carlo ciccioli;Ciccioli;Carlo;IT;ECR;MALE;ITRE,TRAN,PECH;Ancona;19.0;11.0;1952.0;;;;;
197697;aurore lalucq;Lalucq;Aurore;FR;S&D;FEMALE;ECON,FISC,CULT;Longjumeau;17.0;4.0;1979.0;;;University of Paris 1 Pantheon-Sorbonne,Paris Dauphine University;;researcher,politician
256934;daniel attard;Attard;Daniel;MT;S&D;MALE;TRAN,ITRE,REGI;Pieta;18.0;4.0;1992.0;;;;;
197786;susanna ceccardi;Ceccardi;Susanna;IT;PfE;FEMALE;LIBE,AFET,ENVI,FEMM;Pisa;19.0;3.0;1987.0;;;Galileo Galilei,University of Pisa;;politician
256863;zoltán tarr;Tarr;Zoltán;HU;PPE;MALE;CULT,FEMM;Budapest;12.0;2.0;1972.0;;;;;
197647;dan-ştefan motreanu;Motreanu;Dan-Ştefan;RO;PPE;MALE;ENVI,REGI,AGRI;Orastie;11.0;9.0;1970.0;;;;university;manager,politician,media,teacher
257001;elena sancho murillo;Sancho Murillo;Elena;ES;S&D;FEMALE;ITRE,ENVI,AGRI;Ribaforada;26.0;1.0;1989.0;;;;;
129073;urmas paet;Paet;Urmas;EE;Renew;MALE;AFET,DROI,TRAN;Tallinn;20.0;4.0;1974.0;;;University of Oslo,University of Tartu;university;media,politician,official
257039;elena nevado del campo;Nevado del Campo;Elena;ES;PPE;FEMALE;REGI,TRAN,FEMM,PETI,SANT;Cáceres;26.0;1.0;1967.0;;;;;
103246;auke zijlstra;Zijlstra;Auke;NL;PfE;MALE;BUDG,ECON,ITRE;Haskerland;1.0;11.0;1964.0;;;;;
257148;raffaele topo;Topo;Raffaele;IT;S&D;MALE;EMPL,REGI,ENVI,SANT;Villaricca;2.0;3.0;1965.0;;;;;
96932;birgit sippel;Sippel;Birgit;DE;S&D;FEMALE;LIBE,EMPL;Bochum;29.0;1.0;1960.0;;;;;politician
257132;ignazio roberto marino;Marino;Ignazio Roberto;IT;Verts/ALE;MALE;BUDG,ENVI,SANT;Genova;10.0;3.0;1955.0;;;;;
96752;martin häusling;Häusling;Martin;DE;Verts/ALE;MALE;AGRI,ENVI;Bad Wildungen;26.0;3.0;1961.0;;;;university;manager,politician
125068;emmanouil kefalogiannis;Kefalogiannis;Emmanouil;GR;PPE;MALE;AFCO,AFET,AGRI;;;;;;;;;
124795;flavio tosi;Tosi;Flavio;IT;PPE;MALE;ENVI,ITRE;Verona;18.0;6.0;1969.0;;;;;
23816;andrás gyürk;Gyürk;András;HU;PfE;MALE;ITRE,CULT;Budapest;2.0;12.0;1972.0;;;Franciscan Gymnasium, Szentendre,Budapest Business School Faculty of Finance and Accountancy,Eötvös Loránd University;university;manager,politician
37312;christel schaldemose;Schaldemose;Christel;DK;S&D;FEMALE;IMCO,ENVI;Odense;4.0;8.0;1967.0;;;University of Southern Denmark;;researcher,politician
197461;katrin langensiepen;Langensiepen;Katrin;DE;Verts/ALE;FEMALE;EMPL,IMCO,FEMM;Langenhagen;10.0;10.0;1979.0;True;;;;politician
257098;gabriela firea;Firea;Gabriela;RO;S&D;FEMALE;CULT,FEMM;BACAU;13.0;7.0;1972.0;;;;;
257028;henrik dahl;Dahl;Henrik;DK;PPE;MALE;IMCO,EMPL;Aarhus;20.0;2.0;1960.0;;;;;
256929;rené aust;Aust;René;DE;ESN;MALE;INTA,ECON,FISC,EMPL,ITRE;Luedinghausen;24.0;4.0;1987.0;;;;;
124715;györgy hölvényi;Hölvényi;György;HU;PfE;MALE;DEVE,ENVI,SEDE;Budapest;13.0;6.0;1962.0;;;Eötvös Loránd University;;politician
230085;camilla laureti;Laureti;Camilla;IT;S&D;FEMALE;AGRI,FISC,ECON;Roma;20.0;5.0;1975.0;;;Sapienza University of Rome;university;media,politician
256883;aleksandar nikolic;Nikolic;Aleksandar;FR;PfE;MALE;ITRE,INTA;La Garenne-Colombes;4.0;10.0;1986.0;;;;;
257043;maravillas abadía jover;Abadía Jover;Maravillas;ES;PPE;FEMALE;EMPL,JURI,REGI;Murcia;8.0;12.0;1981.0;;;;;
197800;eero heinäluoma;Heinäluoma;Eero;FI;S&D;MALE;CONT,ECON,ITRE;Kokkola;4.0;7.0;1955.0;;;;;politician
256807;dainius žalimas;Žalimas;Dainius;LT;Renew;MALE;JURI,FEMM,LIBE;Vilnius;22.0;5.0;1973.0;;;;;
197831;hermann tertsch;Tertsch;Hermann;ES;PfE;MALE;AFET,INTA,DEVE;Madrid;9.0;4.0;1958.0;;Ekkehard Tertsch,Ana de Palacio y del Valle-Lersundi,Luisa Mariana del Valle-Lersundi y del Valle,Loyola de Palacio;;;writer,comedian,media,politician
204418;nora mebarek;Mebarek;Nora;FR;S&D;FEMALE;REGI,EMPL;Port-Saint-Louis-du-Rhône;22.0;7.0;1972.0;;;;;politician
257437;catarina vieira;Vieira;Catarina;NL;Verts/ALE;FEMALE;INTA,DROI;Angra do Heroísmo;14.0;5.0;1996.0;;;;;
197410;stefan berger;Berger;Stefan;DE;PPE;MALE;ECON,FISC,ITRE;Mönchengladbach;15.0;9.0;1969.0;;;Johannes Gutenberg University Mainz;;politician
257086;jacek ozdoba;Ozdoba;Jacek;PL;ECR;MALE;ENVI,LIBE;Warszawa;22.0;9.0;1991.0;;;;;
257076;michał dworczyk;Dworczyk;Michał;PL;ECR;MALE;IMCO,SEDE,AFET;Warsaw;22.0;7.0;1975.0;;;;;
96787;herbert dorfmann;Dorfmann;Herbert;IT;PPE;MALE;AGRI,FISC,ECON;Brixen;4.0;3.0;1969.0;;;Università Cattolica del Sacro Cuore;;politician
197443;andreas glück;Glück;Andreas;DE;Renew;MALE;ENVI,ITRE,SANT;Münsingen (Württemberg);8.0;3.0;1975.0;;;University of Tübingen;university;politician,doctor
197721;césar luena;Luena;César;ES;S&D;MALE;ENVI,ECON;Logrono;29.0;10.0;1980.0;;;;phd;researcher
257123;lucia annunziata;Annunziata;Lucia;IT;S&D;FEMALE;AFET,INTA,SEDE;Sarno;8.0;8.0;1950.0;;;;;
197469;assita kanko;Kanko;Assita;BE;ECR;FEMALE;LIBE,AFET;Godyr;14.0;7.0;1980.0;;;Solvay Brussels School of Economics and Management,University Joseph Ki-Zerbo;;politician
257077;marlena maląg;Maląg;Marlena;PL;ECR;FEMALE;EMPL,FEMM,IMCO;Ostrów Wielkopolski;2.0;11.0;1964.0;;;;;
96810;carlo fidanza;Fidanza;Carlo;IT;ECR;MALE;AGRI,AFET,TRAN;San Benedetto del Tronto;21.0;9.0;1976.0;;;;university;politician,consultant,official
197558;asger christensen;Christensen;Asger;DK;Renew;MALE;AGRI,PECH,TRAN;Tarm;8.0;1.0;1958.0;;;;;farmer,politician
197770;martin hojsík;Hojsík;Martin;SK;Renew;MALE;ENVI,EMPL,ITRE;Bratislava;27.0;1.0;1977.0;;;Comenius University;;politician
257002;josé cepeda;Cepeda;José;ES;S&D;MALE;CONT,JURI,IMCO;Ciudad Real;19.0;7.0;1968.0;;;;;
125042;javi lópez;López;Javi;ES;S&D;MALE;ENVI,AFET,SEDE;Madrid;11.0;11.0;1985.0;;;;university;teacher,manager,politician
257103;ştefan muşoiu;Muşoiu;Ştefan;RO;S&D;MALE;INTA,TRAN,DROI;București;16.0;6.0;1975.0;;;;;
256977;andrea wechsler;Wechsler;Andrea;DE;PPE;FEMALE;ITRE,EMPL,ENVI;Ulm;19.0;6.0;1977.0;;;;;
197490;magdalena adamowicz;Adamowicz;Magdalena;PL;PPE;FEMALE;LIBE,TRAN,PECH,JURI;Słupsk ;10.0;4.0;1973.0;;;Faculty of Law and Administration, University of Gdańsk;phd;politician
124700;jana toom;Toom;Jana;EE;Renew;FEMALE;EMPL,PETI,JURI,FEMM;Tallinn;15.0;10.0;1966.0;;;;university;media
256859;annamária vicsek;Vicsek;Annamária;HU;PfE;FEMALE;CULT,TRAN;Szabadka;9.0;2.0;1973.0;;;;;
94649;catherine griset;Griset;Catherine;FR;PfE;FEMALE;CULT,FEMM;Boulogne-sur-Mer;20.0;8.0;1972.0;;;;;lawyer,politician
256871;malika sorel;Sorel;Malika;FR;PfE;FEMALE;CULT,LIBE;;;;;;;;;
23868;monika beňová;Beňová;Monika;SK;NI;FEMALE;ENVI,SANT,ITRE;Bratislava;15.0;8.0;1968.0;;;Faculty of Political Science and International Relations, Matej Bel University;university;manager,politician
257110;dan barna;Barna;Dan;RO;Renew;MALE;AFET,INTA,REGI;Sibiu;10.0;7.0;1975.0;;;;;
96998;evelyn regner;Regner;Evelyn;AT;S&D;FEMALE;ECON,EMPL,FISC;Wien;24.0;1.0;1966.0;;;University of Salzburg;university;manager,politician
256947;fredis beleris;Beleris;Fredis;GR;PPE;MALE;REGI,PETI,PECH,LIBE;Himarë;9.0;8.0;1972.0;;;;;
28226;christian ehler;Ehler;Christian;DE;PPE;MALE;ITRE,BUDG;München;17.0;8.0;1963.0;;;Humboldt University of Berlin;phd;manager,politician
28615;roberts zīle;Zīle;Roberts;LV;ECR;MALE;ECON,TRAN,FISC,BUDG;Rīga;20.0;6.0;1958.0;;;University of Latvia,Latvia University of Life Sciences and Technologies;phd;researcher,politician
197722;nacho sánchez amor;Sánchez Amor;Nacho;ES;S&D;MALE;AFET,DROI,LIBE;Cáceres;15.0;5.0;1960.0;;;Complutense University of Madrid;university;lawyer,manager,politician,official
257034;carmen crespo díaz;Crespo Díaz;Carmen;ES;PPE;FEMALE;AGRI,PECH,ENVI;adra almeria;8.0;12.0;1966.0;;;;;
197412;niclas herbst;Herbst;Niclas;DE;PPE;MALE;CONT,SEDE,AFET,BUDG,PECH;Ratzeburg;28.0;2.0;1973.0;;;University of Kiel;university;manager,politician,consultant
256882;julie rechagneux;Rechagneux;Julie;FR;PfE;FEMALE;ITRE,JURI;Clermont Ferrand;24.0;1.0;1996.0;;;;;
124984;lynn boylan;Boylan;Lynn;IE;The Left;FEMALE;INTA,ENVI;Dublin;29.0;11.0;1976.0;;;;;
257143;mariateresa vivaldini;Vivaldini;Mariateresa;IT;ECR;FEMALE;EMPL,ITRE,IMCO;Brescia;22.0;11.0;1967.0;;;;;
197421;isabel wiseler-lima;Wiseler-Lima;Isabel;LU;PPE;FEMALE;LIBE,DROI,AFET;Odivelas-Loures;29.0;12.0;1961.0;;;;university;teacher
256905;eric sargiacomo;Sargiacomo;Eric;FR;S&D;MALE;AGRI,PECH,JURI;LOUHANS;31.0;10.0;1969.0;;;;;
257130;cristina guarda;Guarda;Cristina;IT;Verts/ALE;FEMALE;AGRI,PETI,REGI;Cologna Veneta;3.0;3.0;1990.0;;;;;
30482;younous omarjee;Omarjee;Younous;FR;The Left;MALE;BUDG,REGI,CONT;Saint-Denis (Réunion);30.0;9.0;1969.0;;;public international law;university;politician,official
135511;valérie hayer;Hayer;Valérie;FR;Renew;FEMALE;AGRI,BUDG;Mayenne;6.0;4.0;1986.0;;;;;politician
256847;danuše nerudová;Nerudová;Danuše;CZ;PPE;FEMALE;BUDG,ECON,ENVI,FISC;Brno;4.0;1.0;1979.0;;;;;
98219;aura salla;Salla;Aura;FI;PPE;FEMALE;ECON,IMCO;Lappeenranta;13.0;6.0;1984.0;;;;;
202036;sunčana glavak;Glavak;Sunčana;HR;PPE;FEMALE;CULT,ENVI;Čakovec;9.0;12.0;1968.0;;;University of Zagreb;phd;politician
197618;elisabetta gualmini;Gualmini;Elisabetta;IT;S&D;FEMALE;ITRE,ECON,AGRI;Modena;17.0;5.0;1968.0;;;University of Bologna,University of Florence;phd;politician,researcher,media,manager
257035;alma ezcurra almansa;Ezcurra Almansa;Alma;ES;PPE;FEMALE;CULT,PETI,LIBE,FEMM;Madrid;11.0;12.0;1986.0;;;;;
197481;maximilian krah;Krah;Maximilian;DE;NI;MALE;INTA,BUDG;Dresden;28.0;1.0;1977.0;;;TU Dresden;phd;lawyer,manager,politician
39725;iuliu winkler;Winkler;Iuliu;RO;PPE;MALE;INTA,ITRE,REGI;Hunedoara;14.0;3.0;1964.0;;;Politehnica University of Timișoara;phd;engineer,manager,politician
256971;lukas sieper;Sieper;Lukas;DE;NI;MALE;BUDG,TRAN;Bergisch Gladbach;22.0;3.0;1997.0;;;;;
124895;krzysztof hetman;Hetman;Krzysztof;PL;PPE;MALE;REGI,AGRI;Lublin;27.0;6.0;1974.0;;;Maria Curie-Skłodowska University;;politician
257064;anna bryłka;Bryłka;Anna;PL;NI;FEMALE;INTA,AGRI;Koło;1.0;9.0;1990.0;;;;;
256831;sophia kircher;Kircher;Sophia;AT;PPE;FEMALE;TRAN,IMCO;Innsbruck;4.0;5.0;1994.0;;;;;
256945;irmhild bossdorf;Bossdorf;Irmhild;DE;ESN;FEMALE;REGI,FEMM;Mechelen;14.0;1.0;1967.0;;;;;
197549;markéta gregorová;Gregorová;Markéta;CZ;Verts/ALE;FEMALE;INTA,ITRE,LIBE,AFCO;Most;14.0;1.0;1993.0;;;Masaryk University;university;politician
256983;jessika van leeuwen;Van Leeuwen;Jessika;NL;PPE;FEMALE;AGRI,INTA,REGI;;10.0;9.0;1981.0;;;;;
257053;ana catarina mendes;Mendes;Ana Catarina;PT;S&D;FEMALE;LIBE,SEDE,AFET;Coimbra;14.0;1.0;1973.0;;;;;
257105;roxana mînzatu;Mînzatu;Roxana;RO;S&D;FEMALE;REGI,EMPL,PETI;Brasov;1.0;4.0;1980.0;;;;;
251324;krzysztof brejza;Brejza;Krzysztof;PL;PPE;MALE;LIBE,JURI;Bydgoszcz;16.0;5.0;1983.0;;Ryszard Brejza;University of Warsaw,Q65167632;phd;lawyer,politician
107212;andrey novakov;Novakov;Andrey;BG;PPE;MALE;REGI,TRAN,CULT;PAZARDZHIK;7.0;7.0;1988.0;;;"South-West University ""Neofit Rilski""";;politician
185341;željana zovko;Zovko;Željana;HR;PPE;FEMALE;AFET,PECH,INTA,SEDE;Mostar;25.0;3.0;1970.0;;;University of North London;university;manager,media,politician,official
197523;łukasz kohut;Kohut;Łukasz;PL;PPE;MALE;AFET,DROI,CULT;Katowice;10.0;9.0;1982.0;;;University of Silesia in Katowice;;politician,photographer
197525;ewa kopacz;Kopacz;Ewa;PL;PPE;FEMALE;ENVI,FEMM,SANT;Skaryszew;3.0;12.0;1956.0;;;Medical University of Lublin,II Liceum Ogólnokształcące im. Marii Konopnickiej w Radomiu;;pediatrician,politician,doctor
257102;giorgio gori;Gori;Giorgio;IT;S&D;MALE;ITRE,AFET;Bergamo;24.0;3.0;1960.0;;;;;
256981;ton diepeveen;DIEPEVEEN;Ton;NL;PfE;MALE;PECH,JURI,AGRI;Veenendaal;27.0;8.0;1957.0;;;;;
257297;barry cowen;Cowen;Barry;IE;Renew;MALE;AGRI,INTA;Dublin;28.0;8.0;1967.0;;;;;
257300;michael mcnamara;McNamara;Michael;IE;Renew;MALE;LIBE,ITRE;Limerick;1.0;3.0;1974.0;;;;;
197517;adam jarubas;Jarubas;Adam;PL;PPE;MALE;ITRE,SANT,ENVI;Busko-Zdroj;17.0;12.0;1974.0;;;Jan Kochanowski University,Q9296668;;politician
257115;gheorghe piperea;Piperea;Gheorghe;RO;ECR;MALE;IMCO,JURI,AFCO;Singureni;1.0;3.0;1970.0;;;;;
197795;mario furore;Furore;Mario;IT;The Left;MALE;CULT,JURI;FOGGIA;25.0;12.0;1988.0;;;Libera Università Internazionale degli Studi Sociali Guido Carli;;politician
198084;katri kulmuni;Kulmuni;Katri;FI;Renew;FEMALE;ENVI,ECON,ITRE,FISC;Tornio;4.0;9.0;1987.0;;;;;
188096;jüri ratas;Ratas;Jüri;EE;PPE;MALE;ITRE,BUDG;Tallinn;2.0;7.0;1978.0;;;;;
256973;stefan köhler;Köhler;Stefan;DE;PPE;MALE;ENVI,AGRI,PETI;Aschaffenburg;24.0;9.0;1967.0;;;;;
124799;alessandra moretti;Moretti;Alessandra;IT;S&D;FEMALE;ENVI,FEMM,AFET,SANT;Vicenza;24.0;6.0;1973.0;;;University of Urbino;;politician
256804;pekka toveri;Toveri;Pekka;FI;PPE;MALE;AGRI,AFET,LIBE,SEDE;Kankaanpää;6.0;4.0;1961.0;;;;;
28400;francisco josé millán mon;Millán Mon;Francisco José;ES;PPE;MALE;AFET,PECH;Pontevedra;8.0;3.0;1955.0;;;;university;teacher,manager,politician,official
257124;giuseppe lupo;Lupo;Giuseppe;IT;S&D;MALE;BUDG,CONT,PECH,TRAN;Palermo;18.0;3.0;1966.0;;;;;
101585;niels fuglsang;Fuglsang;Niels;DK;S&D;MALE;ITRE,FISC,ECON;Kobenhavn;29.0;6.0;1985.0;;;University of Copenhagen;phd;researcher,consultant,manager,politician,teacher,official
124784;dan nica;Nica;Dan;RO;S&D;MALE;ITRE,ENVI;Panciu;2.0;7.0;1960.0;;;Gheorghe Asachi Technical University of Iași;phd;researcher,manager,engineer,politician,official
249982;milan mazurek;Mazurek;Milan;SK;NI;MALE;TRAN,REGI;Kežmarok;24.0;1.0;1994.0;;;;;
257029;jorge martín frías;Martín Frías;Jorge;ES;PfE;MALE;ECON,IMCO,DROI,AFET;Madrid;8.0;4.0;1980.0;;;;;
113523;peter agius;Agius;Peter;MT;PPE;MALE;IMCO,PETI,AGRI;St. Julians;9.0;4.0;1979.0;;;;;
5392;lara wolters;Wolters;Lara;NL;S&D;FEMALE;ECON,JURI,TRAN;Amsterdam;12.0;4.0;1986.0;;;College of Europe,University College London,Institut d'études politiques de Strasbourg;;politician
112748;biljana borzan;Borzan;Biljana;HR;S&D;FEMALE;IMCO,ENVI;Osijek;29.0;11.0;1971.0;;;School of Medicine, University of Zagreb;phd;politician,doctor,official
257075;isilda gomes;Gomes;Isilda;PT;S&D;FEMALE;EMPL,PETI,CULT;Mido;16.0;9.0;1951.0;;;;;
197404;jessica polfjärd;Polfjärd;Jessica;SE;PPE;FEMALE;ENVI,PECH,SANT,AGRI;Seoul;27.0;5.0;1971.0;;;;;politician
256924;sarah knafo;Knafo;Sarah;FR;ESN;FEMALE;ITRE,ENVI;;;;;;;;;
257125;roberto vannacci;Vannacci;Roberto;IT;PfE;MALE;AFET,ENVI,LIBE;LA SPEZIA;20.0;10.0;1968.0;;;;;
204400;adrián vázquez lázara;Vázquez Lázara;Adrián;ES;PPE;MALE;AFCO,CONT,JURI,DROI;Madrid;5.0;5.0;1982.0;;Armando Vázquez Crespo;Complutense University of Madrid,Lindenwood University,University of Warwick;;researcher,manager,politician,consultant
197416;giorgos georgiou;Georgiou;Giorgos;CY;The Left;MALE;AFET,ENVI,SANT;Nicosia;9.0;4.0;1963.0;;;National and Kapodistrian University of Athens;university;researcher,politician,teacher
256911;arash saeidi;Saeidi;Arash;FR;The Left;MALE;TRAN,AGRI,JURI;Teheran;25.0;5.0;1975.0;;;;;
256986;geadis geadi;Geadi;Geadis;CY;ECR;MALE;AFET,ENVI,LIBE;Nicosia;30.0;8.0;1984.0;;;;;
119652;vytenis povilas andriukaitis;Andriukaitis;Vytenis Povilas;LT;S&D;MALE;ENVI,SANT,AFCO;;9.0;8.0;1951.0;;;;;
257068;hélder sousa silva;Sousa Silva;Hélder;PT;PPE;MALE;BUDG,CULT,SEDE;Mafra;21.0;7.0;1965.0;;;;;
257116;georgiana teodorescu;Teodorescu;Georgiana;RO;ECR;FEMALE;LIBE,EMPL,ITRE,FEMM;Iasi;19.0;8.0;1985.0;;;;;
197441;predrag fred matić;Matić;Predrag Fred;HR;S&D;MALE;FEMM,AFET;Pozega;2.0;6.0;1962.0;;;;;
204129;nikolina brnjac;Brnjac;Nikolina;HR;PPE;FEMALE;TRAN,REGI;Karlovac;11.0;7.0;1978.0;;;;;
124691;costas mavrides;Mavrides;Costas;CY;S&D;MALE;AFET,ECON,SEDE,INTA,PETI;Kato Dhikomo;27.0;5.0;1962.0;;;;phd;official
124884;kosma złotowski;Złotowski;Kosma;PL;ECR;MALE;TRAN,IMCO,JURI,PETI;Bydgoszcz;14.0;1.0;1964.0;;;University of Warsaw;university;manager,media,politician,official
256858;nikolaos anadiotis;Anadiotis;Nikolaos;GR;NI;MALE;CULT,LIBE;Αθηνα;10.0;2.0;1983.0;;;;;
257133;pasquale tridico;Tridico;Pasquale;IT;The Left;MALE;CONT,ECON,FISC,TRAN;Scala Coeli;21.0;9.0;1975.0;;;;;
257259;nikola minchev;Minchev;Nikola;BG;Renew;MALE;IMCO,CULT,LIBE;Sofia;13.0;9.0;1987.0;;;;;
125104;romana tomc;Tomc;Romana;SI;PPE;FEMALE;EMPL,TRAN,LIBE;Ljubljana;2.0;11.0;1965.0;;;University of Ljubljana;;researcher,politician
96933;milan zver;Zver;Milan;SI;PPE;MALE;ENVI,AFET;Ljubljana;25.0;5.0;1962.0;;;University of Ljubljana,University of Graz;;researcher,politician
256943;eleonora meleti;Meleti;Eleonora;GR;PPE;FEMALE;EMPL,CULT,FEMM;Αθήνα;17.0;9.0;1978.0;;;;;
256969;friedrich pürner;Pürner;Friedrich;DE;NI;MALE;ECON,ENVI;Munich;24.0;4.0;1967.0;;;;;
198076;maria ohisalo;Ohisalo;Maria;FI;Verts/ALE;FEMALE;EMPL,ECON,ENVI;Helsinki;8.0;3.0;1985.0;;;;;
197573;kira marie peter-hansen;Peter-Hansen;Kira Marie;DK;Verts/ALE;FEMALE;ECON,JURI,FISC,ITRE;Frederiksberg C;23.0;2.0;1998.0;;;University of Copenhagen;;politician
197802;ville niinistö;Niinistö;Ville;FI;Verts/ALE;MALE;ITRE,SEDE,AFET;Turku;30.0;7.0;1976.0;;Kari Niinistö,Sauli Niinistö;University of Turku;university;researcher,politician
213330;ernő schaller-baross;Schaller-Baross;Ernő;HU;PfE;MALE;IMCO,AFCO,JURI;Budapest;30.0;1.0;1987.0;;;Károli Gáspár University of the Reformed Church in Hungary;university;lawyer,manager,politician,official
197810;nils ušakovs;Ušakovs;Nils;LV;S&D;MALE;BUDG,PETI,TRAN;RIGA;8.0;6.0;1976.0;;;University of Southern Denmark,University of Latvia;university;politician
124836;maria noichl;Noichl;Maria;DE;S&D;FEMALE;AGRI,FEMM,ENVI,DROI;Rosenheim;9.0;1.0;1967.0;;;;university;politician,teacher
197545;bogdan rzońca;Rzońca;Bogdan;PL;ECR;MALE;BUDG,PETI,ECON;Zarzecze;1.0;2.0;1961.0;;;University of the National Education Commission;;politician
257030;raúl de la hoz quintano;de la Hoz Quintano;Raúl;ES;PPE;MALE;ITRE,EMPL,ENVI,REGI;Palencia;4.0;5.0;1973.0;;;;;
257050;antónio tânger corrêa;Tânger Corrêa;António;PT;PfE;MALE;AFET,SEDE,PECH,LIBE;Lisbon;24.0;4.0;1952.0;;;;;
257054;tiago moreira de sá;Moreira de Sá;Tiago;PT;PfE;MALE;DEVE,BUDG;Lisbon;12.0;1.0;1971.0;;;;;
257071;carla tavares;Tavares;Carla;PT;S&D;FEMALE;BUDG,CONT,DEVE,ECON,FEMM;Lisbon;15.0;8.0;1970.0;;;;;
198490;emmanouil fragkos;Fragkos;Emmanouil;GR;ECR;MALE;ENVI,DROI,SANT,AFET,INTA,AGRI;Chios;27.0;6.0;1993.0;;;;;
204414;margarita de la pisa carrión;de la Pisa Carrión;Margarita;ES;PfE;FEMALE;FEMM,SANT,ENVI,ITRE,TRAN;Madrid;19.0;9.0;1975.0;;;Complutense University of Madrid,International University of La Rioja;;politician,doctor
257144;paolo inselvini;Inselvini;Paolo;IT;ECR;MALE;LIBE,PETI,DEVE,ENVI;Brescia;10.0;10.0;1994.0;;;;;
256936;thomas bajada;Bajada;Thomas;MT;S&D;MALE;ENVI,PECH,ECON;VICTORIA;13.0;6.0;1994.0;;;;;
257013;ľubica karvašová;Karvašová;Ľubica;SK;Renew;FEMALE;REGI,AFCO,INTA;;;;;;;;;
257260;petar volgin;Volgin;Petar;BG;ESN;MALE;EMPL,AFET,ITRE,LIBE;Sofia;28.0;9.0;1969.0;;;;;
2152;leoluca orlando;Orlando;Leoluca;IT;Verts/ALE;MALE;AFET,LIBE,AFCO;;;;;;;;;
124766;petras auštrevičius;Auštrevičius;Petras;LT;Renew;MALE;AFET,DROI,SEDE,INTA;Vilnius;16.0;5.0;1963.0;;;Vilnius University,Lithuanian Academy of Sciences,Hoover Institution;phd;researcher,teacher,manager,politician,official
126699;gilles pennelle;Pennelle;Gilles;FR;PfE;MALE;AGRI,EMPL;DIEPPE;20.0;7.0;1962.0;;;;;
214839;emma wiesner;Wiesner;Emma;SE;Renew;FEMALE;ENVI,PECH,AGRI;Västerås;11.0;11.0;1992.0;;;Uppsala University;university;manager,politician
197463;olivier chastel;Chastel;Olivier;BE;Renew;MALE;BUDG,CONT,SANT,ENVI;Liège;22.0;11.0;1964.0;;;Free University of Brussels;university;manager,politician,doctor
257003;jeannette baljeu;Baljeu;Jeannette;NL;Renew;FEMALE;IMCO,ENVI;;7.0;8.0;1967.0;;;;;
197769;michal wiezik;Wiezik;Michal;SK;Renew;MALE;ENVI,CONT,AGRI,PECH;Martin;14.0;6.0;1979.0;;;Technical University in Zvolen;;researcher,politician
197763;milan uhrík;Uhrík;Milan;SK;ESN;MALE;LIBE;Nové Zámky;21.0;12.0;1984.0;;;Slovak University of Technology in Bratislava;;politician
96808;pablo arias echeverría;Arias Echeverría;Pablo;ES;PPE;MALE;IMCO,BUDG;Madrid;30.0;6.0;1970.0;;;;;politician
124701;luděk niedermayer;Niedermayer;Luděk;CZ;PPE;MALE;ECON,FISC,TRAN,SANT;Brno;13.0;3.0;1966.0;;;Masaryk University;university;researcher,manager,bank officer,politician,official
257140;carolina morace;Morace;Carolina;IT;The Left;FEMALE;FEMM,DEVE,CULT;Venezia;5.0;2.0;1964.0;;;;;
257032;kamila gasiuk-pihowicz;Gasiuk-Pihowicz;Kamila;PL;PPE;FEMALE;IMCO,AFCO;Warszawa;8.0;5.0;1983.0;;;;;
208722;sara matthieu;Matthieu;Sara;BE;Verts/ALE;FEMALE;ITRE,EMPL,ENVI;Aalst;21.0;5.0;1981.0;;;;;
96934;sandra kalniete;Kalniete;Sandra;LV;PPE;FEMALE;AFET,INTA,CULT;Togur;22.0;12.0;1952.0;;;Art Academy of Latvia;;politician,official
257155;danilo della valle;Della Valle;Danilo;IT;The Left;MALE;AFET,INTA,DROI;Capua;1.0;2.0;1983.0;;;;;
28347;javier moreno sánchez;Moreno Sánchez;Javier;ES;S&D;MALE;INTA,LIBE;Ginebra (Suiza);12.0;3.0;1965.0;;;;;politician
197624;ivars ijabs;Ijabs;Ivars;LV;Renew;MALE;ITRE,ECON,IMCO;Riga;17.0;11.0;1972.0;;;University of Latvia;;researcher,politician,horn player
256894;sylvie josserand;Josserand;Sylvie;FR;PfE;FEMALE;EMPL,DROI;;;;;;;;;
256903;thomas pellerin-carlin;Pellerin-Carlin;Thomas;FR;S&D;MALE;ITRE,CONT,ENVI;Caen;5.0;11.0;1989.0;;;;;
197691;mathilde androuët;Androuët;Mathilde;FR;PfE;FEMALE;ENVI,FEMM;Rueil Malmaison;3.0;7.0;1984.0;;;Sciences Po Aix-en-Provence;;cadres de la fonction publique,politician
256876;anne-sophie frigout;Frigout;Anne-Sophie;FR;PfE;FEMALE;ENVI;Reims;11.0;4.0;1991.0;;;;;
256846;ondřej kolář;Kolář;Ondřej;CZ;PPE;MALE;AFET,DEVE,DROI;Prague;13.0;3.0;1984.0;;;;;
256895;julien leonardelli;Leonardelli;Julien;FR;PfE;MALE;TRAN,REGI;Lavelanet;14.0;7.0;1987.0;;;;;
204419;sandro gozi;Gozi;Sandro;FR;Renew;MALE;IMCO,AFCO,REGI;Sogliano al Rubicone;25.0;3.0;1968.0;;;Sciences Po,Université Libre de Bruxelles,Free University of Brussels,University of Bologna;university;teacher,researcher,politician
840;charles goerens;Goerens;Charles;LU;Renew;MALE;DEVE,AFCO,AGRI;Ettelbruck;6.0;2.0;1952.0;;Gust Goerens;;;politician,official
256993;leire pajín;Pajín;Leire;ES;S&D;FEMALE;DEVE,ENVI,JURI,SANT;San Sebastián;16.0;9.0;1976.0;;;;;
197395;alice kuhnke;Kuhnke;Alice;SE;Verts/ALE;FEMALE;LIBE,IMCO,FEMM;Malmö;21.0;12.0;1971.0;;;;university;media,manager,official
197502;marie-pierre vedrenne;Vedrenne;Marie-Pierre;FR;Renew;FEMALE;INTA,EMPL,ITRE;Limoges;13.0;12.0;1982.0;;;University of Rennes 1,University of Limoges;;lawyer,politician
197406;arba kokalari;Kokalari;Arba;SE;PPE;FEMALE;IMCO,FEMM,ECON,EMPL;Tirana;27.0;11.0;1986.0;;Musine Kokalari;Stockholm University,Kungsholmens gymnasium;;politician
256823;nikolas farantouris;Farantouris;Nikolas;GR;The Left;MALE;BUDG,AFCO,ENVI;Athens;28.0;1.0;1976.0;;;;;
197607;pietro fiocchi;Fiocchi;Pietro;IT;ECR;MALE;ENVI,ITRE,SANT;Milano;22.0;5.0;1964.0;;;University of Missouri;;politician
256901;jean-marc germain;Germain;Jean-Marc;FR;S&D;MALE;BUDG,INTA,TRAN;Lyon;12.0;6.0;1966.0;;;;;
257122;antonio decaro;Decaro;Antonio;IT;S&D;MALE;ENVI,BUDG,REGI;Bari;17.0;7.0;1970.0;;;;;
38511;georg mayer;Mayer;Georg;AT;PfE;MALE;PETI,ITRE;Feldbach;12.0;10.0;1973.0;;;University of Graz;;politician
256820;georgios aftias;Aftias;Georgios;GR;PPE;MALE;BUDG,CONT,ECON;Athens;25.0;7.0;1956.0;;;;;
127766;jussi saramo;Saramo;Jussi;FI;The Left;MALE;ECON,ITRE,FISC,BUDG;Porvoo;9.0;7.0;1979.0;;;;;
256887;wouter beke;Beke;Wouter;BE;PPE;MALE;AFET,ITRE,SEDE,AGRI;LOMMEL;9.0;8.0;1974.0;;;;;
101039;paolo borchia;Borchia;Paolo;IT;PfE;MALE;ITRE,INTA,ECON,TRAN;NEGRAR;27.0;5.0;1980.0;;;University of Padua;university;politician
5736;alexandre varaut;Varaut;Alexandre;FR;PfE;MALE;AFCO,LIBE;Neuilly sur Seine;18.0;1.0;1966.0;;;;;
131580;jordan bardella;Bardella;Jordan;FR;PfE;MALE;AFET;Drancy;13.0;9.0;1995.0;;;Paris-Sorbonne University - Paris IV,Ensemble Scolaire Jean-Baptiste de La Salle - Notre-Dame de la Compassion;;politician,student
256872;fabrice leggeri;Leggeri;Fabrice;FR;PfE;MALE;LIBE,AFCO,PETI;Mulhouse;28.0;3.0;1968.0;;;;;
197402;tomas tobé;Tobé;Tomas;SE;PPE;MALE;LIBE,DEVE,ITRE,TRAN;Gavle;16.0;2.0;1978.0;;;;university;manager,politician
257047;borys budka;Budka;Borys;PL;PPE;MALE;ITRE,EMPL;Czeladz;11.0;3.0;1978.0;;;;;
256868;péter magyar;Magyar;Péter;HU;PPE;MALE;AGRI,AFCO;Budapest;16.0;3.0;1981.0;;;;;
88882;victor negrescu;Negrescu;Victor;RO;S&D;MALE;BUDG,JURI,SANT,ENVI;Alba Iulia;17.0;8.0;1985.0;;;;phd;researcher,consultant,politician,manager,lawyer,media,teacher,official
96936;gabriel mato;Mato;Gabriel;ES;PPE;MALE;INTA,AFET,AGRI,PECH;Madrid;29.0;4.0;1961.0;;;;university;lawyer,official
257049;mirosława nykiel;Nykiel;Mirosława;PL;PPE;FEMALE;ITRE,FEMM;Wańkowa;23.0;9.0;1953.0;;;;;
257070;marcin sypniewski;Sypniewski;Marcin;PL;ESN;MALE;ITRE,PETI,JURI;Bydgoszcz;30.0;1.0;1979.0;;;;;
197430;engin eroglu;Eroglu;Engin;DE;Renew;MALE;ECON,AFET,ITRE;Schwalmstadt;12.0;2.0;1982.0;;;;;manager,politician
257020;stine bosse;Bosse;Stine;DK;Renew;FEMALE;ENVI,SANT,BUDG;Lyngby;21.0;12.0;1960.0;;;;;
257095;elena donazzan;Donazzan;Elena;IT;ECR;FEMALE;EMPL,ITRE,FEMM;Bassano del Grappa ;22.0;6.0;1972.0;;;;;
256962;joachim streit;Streit;Joachim;DE;Renew;MALE;BUDG,REGI,AFCO;Trier;4.0;6.0;1965.0;;;;;
257010;ľudovít ódor;Ódor;Ľudovít;SK;Renew;MALE;ECON,FISC,IMCO;Komárno;2.0;7.0;1976.0;;;;;
210480;marta temido;Temido;Marta;PT;S&D;FEMALE;AFET,ENVI,DROI,AGRI,SANT;Coimbra;2.0;3.0;1974.0;;;;;
256853;klara dostalova;Dostalova;Klara;CZ;PfE;FEMALE;IMCO,REGI;Prague;13.0;3.0;1971.0;;;;;
197579;klára dobrev;Dobrev;Klára;HU;S&D;FEMALE;REGI,AFCO,EMPL;Sofia;2.0;2.0;1972.0;;Piroska Apró,Antal Apró;Eötvös József Gimnázium,Eötvös Loránd University,ELTE Faculty of Law,Corvinus University of Budapest;;lawyer,researcher,politician
197701;konstantinos arvanitis;Arvanitis;Konstantinos;GR;The Left;MALE;EMPL,LIBE;Athens;9.0;6.0;1964.0;;;;;
124846;pina picierno;Picierno;Pina;IT;S&D;FEMALE;PETI,LIBE;S.  Maria Capua Vetere;10.0;5.0;1981.0;;;;;
256926;marie-agnes strack-zimmermann;Strack-Zimmermann;Marie-Agnes;DE;Renew;FEMALE;AFET,SEDE,ITRE;Düsseldorf;10.0;3.0;1958.0;;;;;
197672;eugen tomac;Tomac;Eugen;RO;Renew;MALE;CULT,PETI,EMPL;Ismail;27.0;6.0;1981.0;;;University of Bucharest;phd;researcher,manager,media,politician,official
197623;thierry mariani;Mariani;Thierry;FR;PfE;MALE;DEVE,INTA;ORANGE;8.0;8.0;1958.0;;;Q3152348;;politician
256900;fernand kartheiser;Kartheiser;Fernand;LU;ECR;MALE;EMPL,ITRE,ECON;Luxembourg;30.0;9.0;1959.0;;;;;
124867;brando benifei;Benifei;Brando;IT;S&D;MALE;INTA,AFCO,IMCO,JURI;La Spezia;1.0;1.0;1986.0;;;University of Bologna;;politician
197500;mounir satouri;Satouri;Mounir;FR;Verts/ALE;MALE;AFET,DROI,DEVE;Casablanca;25.0;5.0;1975.0;;;;;politician,official
125106;johan van overtveldt;Van Overtveldt;Johan;BE;ECR;MALE;BUDG,ECON,FISC;Mortsel;24.0;8.0;1955.0;;;University of Antwerp;phd;researcher,manager,politician,media,teacher
256865;eszter lakos;Lakos;Eszter;HU;PPE;FEMALE;ITRE,AFET;GYOR;8.0;3.0;1981.0;;;;;
198073;anna-maja henriksson;Henriksson;Anna-Maja;FI;Renew;FEMALE;IMCO,DEVE,LIBE;Jakobstad;7.0;1.0;1964.0;;;;;
257109;marco squarta;Squarta;Marco;IT;ECR;MALE;CULT,CONT;Perugia;4.0;6.0;1979.0;;;;;
197497;sven mikser;Mikser;Sven;EE;S&D;MALE;AFET,SEDE,ITRE;Tartu;8.0;11.0;1973.0;;;University of Tartu;;politician
204413;marcos ros sempere;Ros Sempere;Marcos;ES;S&D;MALE;REGI,CULT;Murcia;24.0;3.0;1974.0;;;Complutense University of Madrid,Technical University of Madrid;;politician
220896;reinhold lopatka;Lopatka;Reinhold;AT;PPE;MALE;AFET,DEVE,DROI;Vorau;27.0;1.0;1960.0;;;;;
256810;mika aaltola;Aaltola;Mika;FI;PPE;MALE;AFET,INTA;Jämsänkoski;2.0;5.0;1969.0;;;;;
257058;daniel obajtek;Obajtek;Daniel;PL;ECR;MALE;ITRE,IMCO;Myslenice;2.0;1.0;1976.0;;;;;
197839;radan kanev;Kanev;Radan;BG;PPE;MALE;ENVI,ITRE,SANT;Sofia;30.0;9.0;1975.0;;;Sofia University,Alphonse-de-Lamartine High School;;lawyer,politician
197578;silvia sardone;Sardone;Silvia;IT;PfE;FEMALE;ENVI,DROI,AFET,ITRE;Milan;25.0;12.0;1982.0;;;Bocconi University;;politician
28223;andreas schwab;Schwab;Andreas;DE;PPE;MALE;IMCO,ECON;Rottweil;9.0;4.0;1973.0;;;;university;lawyer,politician
197460;sergey lagodinsky;Lagodinsky;Sergey;DE;Verts/ALE;MALE;AFET,JURI,ITRE;Astrakhan;1.0;12.0;1975.0;;;John F. Kennedy School of Government;phd;lawyer,politician
192254;marieke ehlers;Ehlers;Marieke;NL;PfE;FEMALE;LIBE,DEVE,AFCO;;;;;;;;;
197468;özlem demirel;Demirel;Özlem;DE;The Left;FEMALE;AFET,SEDE,EMPL,LIBE;Malatya;10.0;3.0;1984.0;;;University of Bonn;;politician
257118;luis-vicențiu lazarus;Lazarus;Luis-Vicențiu;RO;NI;MALE;TRAN,AGRI;Drobeta- Turnu Severin;12.0;3.0;1967.0;;;;;
256915;mélissa camara;Camara;Mélissa;FR;Verts/ALE;FEMALE;LIBE,FEMM,PECH;Mont-Saint-Aignan;27.0;11.0;1991.0;;;;;
197627;virginie joron;Joron;Virginie;FR;PfE;FEMALE;CONT,IMCO,PETI;Troyes;11.0;12.0;1973.0;;;University of Nice Sophia Antipolis;phd;cadre,lawyer,ingénieurs et cadres techniques d'entreprise,anciens cadres,politician
124985;luke ming flanagan;Flanagan;Luke Ming;IE;The Left;MALE;AGRI,IMCO,PECH;Roscommon;22.0;1.0;1972.0;;;;;
257065;sérgio humberto;Humberto;Sérgio;PT;PPE;MALE;TRAN,EMPL,ENVI;Trofa;7.0;11.0;1975.0;;;;;
256843;jana nagyová;Nagyová;Jana;CZ;PfE;FEMALE;ITRE,ENVI;Kosice;26.0;9.0;1970.0;;;;;
257237;regina doherty;Doherty;Regina;IE;PPE;FEMALE;IMCO,FISC,ECON,EMPL;Dublin;26.0;1.0;1971.0;;;;;
257059;bruno gonçalves;Gonçalves;Bruno;PT;S&D;MALE;ITRE,FISC,ECON,ENVI,IMCO;Braga;27.0;12.0;1996.0;;;;;
257078;paulo cunha;Cunha;Paulo;PT;PPE;MALE;LIBE,CONT,ITRE,PETI;Vila Nova de Famalicao;22.0;8.0;1971.0;;;;;
1927;peter liese;Liese;Peter;DE;PPE;MALE;ENVI,SANT;OLSBERG;20.0;5.0;1965.0;;;University of Bonn;phd;politician,doctor
256904;chloé ridel;Ridel;Chloé;FR;S&D;FEMALE;LIBE,DROI,AFET,ENVI;Clamart;25.0;11.0;1991.0;;;;;
98582;loránt vincze;Vincze;Loránt;RO;PPE;MALE;AFCO,LIBE;Târgu Mureș / Marosvásárhely;3.0;11.0;1977.0;;;;university;manager,media,politician
256850;filip turek;Turek;Filip;CZ;PfE;MALE;ENVI,ITRE,IMCO;Prague;15.0;10.0;1985.0;;;;;
256866;gabriella gerzsenyi;Gerzsenyi;Gabriella;HU;PPE;FEMALE;REGI,ENVI;Beregszász;30.0;10.0;1977.0;;;;;
124807;jens gieseke;Gieseke;Jens;DE;PPE;MALE;TRAN,ENVI,ITRE;Lingen;18.0;5.0;1971.0;;;;;lawyer,researcher,manager,politician
245018;christophe clergeau;Clergeau;Christophe;FR;S&D;MALE;ENVI,SANT,DEVE,ITRE;Nantes;1.0;9.0;1968.0;;Marie-Françoise Clergeau;University of Paris 1 Pantheon-Sorbonne,Sciences Po,University of Nantes,Lycée Gabriel Guist'hau;phd;teacher,researcher,manager,politician
197572;anna zalewska;Zalewska;Anna;PL;ECR;FEMALE;ENVI,AGRI;Świebodzice;6.0;7.0;1965.0;;;University of Wrocław;;politician
204449;riho terras;Terras;Riho;EE;PPE;MALE;AFET,SEDE;Kohtla-Järve;17.0;4.0;1967.0;;;Bundeswehr University Munich,University of Tartu;;military personnel,politician
257150;michele picaro;Picaro;Michele;IT;ECR;MALE;ENVI,SANT,BUDG;Bari;15.0;5.0;1981.0;;;;;
256840;jan farský;Farský;Jan;CZ;PPE;MALE;ITRE,REGI;Turnov;11.0;7.0;1979.0;;;;;
111412;villy søvndal;Søvndal;Villy;DK;Verts/ALE;MALE;AFET,EMPL;Struer;4.0;4.0;1952.0;;;;;
125670;massimiliano salini;Salini;Massimiliano;IT;PPE;MALE;ENVI,AFET,TRAN;Soresina (CR);11.0;3.0;1973.0;;;University of Milan;;politician
86057;bartłomiej sienkiewicz;Sienkiewicz;Bartłomiej;PL;PPE;MALE;AFCO,LIBE;Kielce;29.0;7.0;1961.0;;;;;
197534;françois-xavier bellamy;Bellamy;François-Xavier;FR;PPE;MALE;LIBE,AFCO,ITRE;Paris;11.0;10.0;1985.0;;;Lycée Henri-IV,Paris-Sorbonne University - Paris IV,École Normale Supérieure;;essayist,politician
257301;cynthia ní mhurchú;Ní Mhurchú;Cynthia;IE;Renew;FEMALE;IMCO,PETI,TRAN;;;;;;;;;
190517;martin schirdewan;Schirdewan;Martin;DE;The Left;MALE;ECON,INTA;Berlin;12.0;7.0;1975.0;;;Free University Berlin;phd;manager,researcher,media,politician
197514;andrzej halicki;Halicki;Andrzej;PL;PPE;MALE;BUDG,AFET,DEVE;Warszawa;26.0;11.0;1961.0;;;SGH Warsaw School of Economics;;politician
257019;alvise pérez;PÉREZ;Alvise;ES;NI;MALE;AGRI,LIBE;Sevilla;26.0;2.0;1990.0;;;;;
257082;jagna marczułajtis-walczak;Marczułajtis-Walczak;Jagna;PL;PPE;FEMALE;EMPL,FEMM;Zakopane;15.0;12.0;1978.0;;;;;
256862;dóra dávid;Dávid;Dóra;HU;PPE;FEMALE;IMCO,PETI;Pecs;14.0;3.0;1985.0;;;;;
197440;delara burkhardt;Burkhardt;Delara;DE;S&D;FEMALE;ENVI,ITRE,IMCO;Hamburg;3.0;11.0;1992.0;;;University of Kiel;university;manager,politician
198183;mihai tudose;Tudose;Mihai;RO;S&D;MALE;INTA,SEDE,AFET;Braila;6.0;3.0;1967.0;;;Dimitrie Cantemir Christian University;phd;lawyer,manager,politician
25758;ruth firmenich;Firmenich;Ruth;DE;NI;FEMALE;REGI,AFET,DROI;Köln;24.0;8.0;1964.0;;;;;
191693;elsi katainen;Katainen;Elsi;FI;Renew;FEMALE;AGRI,REGI;Haapajärvi;17.0;12.0;1966.0;;;University of Jyväskylä;;politician
28219;daniel caspary;Caspary;Daniel;DE;PPE;MALE;INTA,ECON;Karlsruhe;4.0;4.0;1976.0;;;Karlsruhe Institute of Technology;university;politician
256991;sebastiaan stöteler;Stöteler;Sebastiaan;NL;PfE;MALE;AFET,ENVI,SEDE;Almelo;18.0;11.0;1983.0;;;;;
256813;vladimir prebilič;Prebilič;Vladimir;SI;Verts/ALE;MALE;REGI,AFET,ECON;Ljubljana;21.0;5.0;1974.0;;;;;
220908;branko grims;Grims;Branko;SI;PPE;MALE;LIBE,AFCO;Kranj;26.0;8.0;1962.0;;;;;
257135;valentina palmisano;Palmisano;Valentina;IT;The Left;FEMALE;REGI,PETI,SANT,ENVI;Brindisi;24.0;1.0;1983.0;;;;;
197684;pernando barrena arza;Barrena Arza;Pernando;ES;The Left;MALE;LIBE,AFET;Pamplona;1.0;11.0;1965.0;;;;;
5729;kathleen van brempt;Van Brempt;Kathleen;BE;S&D;FEMALE;INTA,TRAN;Wilrijk;18.0;11.0;1969.0;;;Katholieke Universiteit Leuven;university;researcher,politician
256890;rudi kennes;Kennes;Rudi;BE;The Left;MALE;INTA,ITRE,CONT,EMPL;Niel;22.0;7.0;1959.0;;;;;
125023;anja hazekamp;Hazekamp;Anja;NL;The Left;FEMALE;ENVI,PECH,AGRI,SANT;Vlagtwedde;21.0;1.0;1968.0;;;University of Groningen;phd;researcher,politician,official
256987;oihane agirregoitia martínez;Agirregoitia Martínez;Oihane;ES;Renew;FEMALE;TRAN,ITRE,PECH;Bilbao;18.0;4.0;1980.0;;;;;
124802;siegfried mureşan;Mureşan;Siegfried;RO;PPE;MALE;BUDG,ECON;Hunedoara;20.0;9.0;1981.0;;;;;
199941;marianne vind;Vind;Marianne;DK;S&D;FEMALE;EMPL,TRAN,FEMM;Koge;3.0;12.0;1970.0;;;Roskilde University;university;engineer,trade unionist,politician
256916;mārtiņš staķis;Staķis;Mārtiņš;LV;Verts/ALE;MALE;REGI,AFET,SEDE;Tukums;4.0;7.0;1979.0;;;;;
257097;alberico gambino;Gambino;Alberico;IT;ECR;MALE;AFET,SEDE,TRAN;PAGANI;7.0;12.0;1967.0;;;;;
197529;leila chaibi;Chaibi;Leila;FR;The Left;FEMALE;EMPL,IMCO;Dijon;5.0;10.0;1982.0;;;;;manager,politician
124808;norbert lins;Lins;Norbert;DE;PPE;MALE;AGRI,ENVI,TRAN;Ravensburg;22.0;12.0;1977.0;;;;university;teacher,manager,politician,official
197405;jörgen warborn;Warborn;Jörgen;SE;PPE;MALE;INTA,ITRE,JURI;Varberg;23.0;1.0;1969.0;;;;university;businessperson,manager,politician
256870;valérie devaux;Devaux;Valérie;FR;Renew;FEMALE;TRAN,FEMM,EMPL;Amiens;19.0;6.0;1964.0;;;;;
257438;anouk van brug;Van Brug;Anouk;NL;Renew;FEMALE;ECON,BUDG;Amsterdam;14.0;9.0;1992.0;;;;;
256941;alexander jungbluth;Jungbluth;Alexander;DE;ESN;MALE;BUDG,CONT,ECON;WUERSELEN;7.0;2.0;1987.0;;;;;
257092;hanna gedin;Gedin;Hanna;SE;The Left;FEMALE;IMCO,ITRE,FEMM;Lyngby;11.0;3.0;1978.0;;;;;
125093;kostas papadakis;Papadakis;Kostas;GR;NI;MALE;AFET,TRAN,SEDE;Athina;18.0;4.0;1975.0;;;;university;
257114;claudiu-richard târziu;Târziu;Claudiu-Richard;RO;ECR;MALE;ENVI,AFET,AGRI,SEDE;Bacău;20.0;2.0;1973.0;;;;;
256961;sebastian everding;Everding;Sebastian;DE;The Left;MALE;AGRI,ENVI,PECH;;;;;;;;university;manager,media,teacher
257014;veronika cifrová ostrihoňová;Cifrová Ostrihoňová;Veronika;SK;Renew;FEMALE;LIBE,FEMM;Bratislava;3.0;2.0;1989.0;;;;;
256959;alexander sell;Sell;Alexander;DE;ESN;MALE;AFET,LIBE;Mainz;25.0;11.0;1980.0;;;;;
257044;rasmus nordqvist;Nordqvist;Rasmus;DK;Verts/ALE;MALE;ENVI,BUDG,PECH;Copenhagen;18.0;7.0;1975.0;;;;;
256948;arno bausemer;Bausemer;Arno;DE;ESN;MALE;IMCO,AGRI,CONT,TRAN;Havelberg;2.0;12.0;1982.0;;;;;
197429;marion walsmann;Walsmann;Marion;DE;PPE;FEMALE;IMCO,JURI,AGRI;Erfurt;17.0;3.0;1963.0;;;Leipzig University;university;lawyer,manager,politician,official
256960;sibylle berg;Berg;Sibylle;DE;NI;NKN;REGI,CULT;;;;;;;;;
96697;waldemar tomaszewski;Tomaszewski;Waldemar;LT;ECR;MALE;DEVE,REGI,DROI;Vilnius;3.0;3.0;1965.0;;;Vilnius Gediminas Technical University;university;engineer,politician,official
197498;robert biedroń;Biedroń;Robert;PL;S&D;MALE;AFET,DEVE,DROI;Rymanów;13.0;4.0;1976.0;;;University of Warmia and Mazury in Olsztyn;;activist,media,politician
36392;aldo patriciello;Patriciello;Aldo;IT;PfE;MALE;ENVI,ITRE,IMCO,REGI;Venafro;27.0;9.0;1957.0;;;;;politician
197649;gheorghe falcă;Falcă;Gheorghe;RO;PPE;MALE;EMPL,TRAN,PETI,IMCO;Brad;22.0;1.0;1967.0;;;Politehnica University of Timișoara;;teacher,manager,engineer,politician
256857;viktória ferenc;Ferenc;Viktória;HU;PfE;FEMALE;ENVI,FEMM,AFET;Uzhhorod;12.0;6.0;1984.0;;;;;
256939;thomas geisel;Geisel;Thomas;DE;NI;MALE;BUDG,ITRE;ELLWANGEN;26.0;10.0;1963.0;;;;;
256869;grégory allione;Allione;Grégory;FR;Renew;MALE;EMPL,ENVI;Toulon;25.0;7.0;1971.0;;;;;
257088;sofie eriksson;Eriksson;Sofie;SE;S&D;FEMALE;ITRE,REGI,PECH;Gävle;13.0;12.0;1992.0;;;;;
38542;johan danielsson;Danielsson;Johan;SE;S&D;MALE;EMPL,TRAN,IMCO;Borlange;30.0;6.0;1982.0;;;Linköping University;;politician
257170;sandro ruotolo;Ruotolo;Sandro;IT;S&D;MALE;CULT,PETI,LIBE;Napoli;9.0;7.0;1955.0;;;;;
257033;niels flemming hansen;Hansen;Niels Flemming;DK;PPE;MALE;ITRE,ENVI;Vejle;16.0;5.0;1974.0;;;;;
229839;rené repasi;Repasi;René;DE;S&D;MALE;ECON,JURI,ITRE,FISC;Karlsruhe;8.0;11.0;1979.0;;;;phd;politician,researcher,manager,teacher
128483;markus buchheit;Buchheit;Markus;DE;ESN;MALE;ITRE,INTA;Zweibrücken;11.0;8.0;1983.0;;;;;lawyer,politician
257127;ilaria salis;Salis;Ilaria;IT;The Left;FEMALE;LIBE,AFET,DROI;;;;;;;;;
256839;anna stürgkh;Stürgkh;Anna;AT;Renew;FEMALE;ITRE,ENVI,IMCO;Wien;2.0;4.0;1994.0;;;;;
118859;roberta metsola;Metsola;Roberta;MT;PPE;FEMALE;ENVI,ITRE;St Julians;18.0;1.0;1979.0;;;University of Malta,St Aloysius' College;university;lawyer,politician,official
95074;jeroen lenaers;Lenaers;Jeroen;NL;PPE;MALE;LIBE,EMPL;Stramproy;29.0;4.0;1984.0;;;Maastricht University;university;politician
197591;irene tinagli;Tinagli;Irene;IT;S&D;FEMALE;ECON,ENVI,ITRE;Empoli;16.0;4.0;1974.0;;;Bocconi University,Carnegie Mellon University;;researcher,politician
256937;vivien costanzo;Costanzo;Vivien;DE;S&D;FEMALE;TRAN,EMPL;HEPPENHEIM;6.0;2.0;1990.0;;;;;
256861;kinga kollár;Kollár;Kinga;HU;PPE;FEMALE;CONT,ECON,BUDG,FISC;Esztergom;6.0;3.0;1978.0;;;;;
256877;pascale piera;Piera;Pascale;FR;PfE;FEMALE;ITRE,JURI,LIBE;Chatou;23.0;2.0;1967.0;;;;;
256949;siegbert frank droese;Droese;Siegbert Frank;DE;ESN;MALE;TRAN,PECH,SEDE;Leipzig;7.0;6.0;1969.0;;;;;
