identifier;born_day;born_month;born_year;born_place;memberships;degrees;occupation
197483;8;2;1966;Bayreuth;;;
99945;30;4;1986;Dortmund;LIBE,D-ME,AGRI,FEMM,D-JP;university;media,politician,manager
204333;27;10;1971;Fondi;AFCO,AGRI,D-RS,D-IN,ITRE,IMCO,D-RU;secondary,university;lawyer,manager
124739;28;5;1959;Óbidos;DACP,ITRE,DAFR,DEVE,DMAS;university,phd;politician,official,researcher
97236;27;5;1987;LILLE;ITRE,JURI,D-US,DLAT,ENVI;;
124812;18;9;1985;;AFET,SEDE,ECON,D-CL,DSCA,DLAT,DEPA;secondary,university;lawyer,politician
197462;20;10;1987;Neubrandenburg;DEVE,DMAS,LIBE,D-AF,AFET,DMED,DACP,DAFR;;
33997;24;6;1967;Bucureşti;ENVI,REGI,D-TR,AFET,CONT,D-ME,DCAS;;
38511;;;;;ITRE,D-IR,DLAT,TRAN,D-CA,DCAM,DASE;;
96713;26;2;1956;Ostrava;ITRE,D-JP,TRAN,DKOR;university;manager
96811;21;10;1965;;EMPL,FEMM,DACP,DCAB,DEVE,PETI,D-MX,D-CA,DLAT;university;lawyer,official,manager
197629;14;4;1975;Pointe-à-Pitre;REGI,EMPL,D-IN;;
197413;;;;;BUDG,LIBE,D-CN,D-AL;;
197677;;;;;ENVI,DCAS,ITRE,SANT,D-RU,DMED;;
96868;4;3;1979;Roubaix;TRAN,D-CN,ECON;;
124828;25;5;1968;Napoli;ITRE,ECON,ENVI,FISC,D-ME,DARP,DSAS,DMED,DACP,DAFR;;lawyer,official
197781;20;1;1976;Heerenveen;LIBE,DMAG,DMED,AFET;university;politician,manager
204336;2;12;1972;Bratislava;AFET,EMPL,D-BY,DEPA,SEDE;;
124831;;;;;FEMM,D-US,CULT,DANZ;university;
197590;20;5;1949;Milano;AFCO,DPAL,AFET,LIBE,DROI,DASE,DMED;university;lawyer,media,politician,teacher,manager
197782;18;4;1985;Fes;ENVI,D-IN,ITRE,DARP;;
197842;27;5;1964;Sofia;;;
131507;26;3;1980;;DEVE,DROI,DMER,DLAT,LIBE,D-BR;;
197588;29;6;1988;Montréal;AFET,BUDG,DROI,D-US,CONT,REGI,D-MK;;
197444;25;7;1989;Hamburg;IMCO,DASE,INTA,DANZ;secondary,university;media,politician,manager
97968;13;12;1967;Sofia;IMCO,DACP,DAFR,AFET,INTA,DROI,DASE;;
197665;14;1;1975;Bârlad;AFET,DSEE,D-US,LIBE,SEDE,D-CN;;
124781;28;2;1948;Sliema;ECON,PETI,D-US,BUDG,FISC,D-UK,D-JP;university;media,official
204335;29;9;1992;;AFET,PETI,SEDE,D-US,D-IN,DPAP;secondary,university;manager,consultant
187917;29;12;1980;Bruxelles;ITRE,DACP,DAFR,AFET,EMPL,DPAL;;
124861;5;11;1954;Palermo;CONT,D-CL,D-IN,JURI,DSAS;university;lawyer,official,manager
197698;19;10;1964;Périgueux;BUDG,D-IL,DPAL,EMPL;;consultant
197491;;;;;DSCA,LIBE,DEPA,ITRE,FEMM,D-US;university;lawyer,media,politician,official,teacher,manager
124821;6;9;1966;Pelago (FI);ITRE,DMER,DLAT,TRAN,D-CN,DASE;university;official
197392;15;6;1984;Diyarbakir;DPAL,LIBE,D-TR,D-IR,AFET;;
1917;15;1;1965;Augsburg;FISC,ECON,DAND,DKOR,DLAT,TRAN,D-CL;university;politician,engineer
202351;;;;;INTA,D-ME,DPAP,LIBE;university;media,manager
192634;21;3;1963;Ischia (NA);ECON,ENVI,TRAN,PECH,DLAT;;
96833;;;;;ITRE,D-JP,BUDG,D-US;;media,politician,official,manager
28617;3;9;1952;Jelgavā;DACP,DPAC,ECON,ENVI,DCAR,DASE;university,phd;politician,official,teacher,researcher,manager
28298;7;10;1974;Baracaldo;ENVI;university;
124875;12;11;1987;Viborg;AFET,ENVI,LIBE,D-US,EMPL,DANZ;university;manager
125012;11;1;1970;Com. Românași;AGRI,DMER,DLAT,REGI,JURI;;
23768;12;9;1948;Sochaczew;TRAN,D-US,CONT,D-IL;university;politician,official,researcher
125067;27;10;1971;Kavala;;;
197494;1;6;1964;Neuilly-sur-Seine;SEDE,D-UK,DNAT,AFET,DMAG,LIBE,D-CN;;official,manager
197519;11;2;1966;Syców;DEVE,DACP,DAFR,LIBE,DMAS,DMED;;
33982;11;8;1952;Râmnicu Vâlcea;ENVI,DACP,DCAB,TRAN,CONT,ITRE,DASE;university;engineer,manager
28150;;;;;AFET,D-CN,DACP,DPAC;university;politician,official
197472;;;;;DROI,D-RU,AFET,SEDE;;
190464;16;5;1973;Vienna;AFET,D-AL,D-ME,AGRI,SEDE,DSEE;;
197621;21;1;1957;Montellano - Sevilla;INTA,AGRI,JURI,DPAL,DMAG,DCAM,DMED,DLAT,CONT,LIBE,DARP;university;
197653;20;12;1975;Craiova;AFET,SEDE,DARP,INTA,BUDG,D-MX;university,phd;politician,manager
125020;23;4;1967;Haarlem;FISC,ECON,D-US,LIBE;university,phd;official,researcher,manager,consultant
209140;22;2;1985;București;BUDG,PETI,D-RS,TRAN,D-AL;secondary,university;lawyer,politician
197806;30;4;1979;Licata;LIBE,D-CA,ENVI,TRAN,PECH,SANT,DLAT;university,phd;lawyer,politician,engineer,researcher
86793;12;12;1982;Schlüchtern;IMCO,D-BR,D-UK,DLAT,INTA,DCAM;secondary,university;politician,official,teacher
197523;10;9;1982;Katowice;ITRE,LIBE,D-RS,DEEA,CULT,DASE;;
197652;;;;;BUDG,CONT,D-TR,INTA,ITRE,FEMM,D-CN;university,phd;politician,manager
124705;28;2;1975;;TRAN,ENVI,SANT,D-CN;university;
197557;9;4;1965;BELFORT;ITRE,DEEA,AFET,SEDE,D-TR,DCAS;;
197829;16;6;1975;BARCELONA;LIBE,DMAG,DMED,CONT,JURI,AFCO;university;lawyer,politician,teacher
197540;3;7;1946;Żyrardów;IMCO,D-UA,EMPL,D-BY;;
124714;2;5;1977;Óbecse (Szerbia);BUDG,D-RS,TRAN,D-ME;university;lawyer,manager
98341;26;1;1986;Sofia;D-JP,ITRE,ECON,D-US;;
197478;22;1;1966;Frankfurt/Main;IMCO,D-IN,AFET,D-AF;university;politician
197658;18;12;1975;Bacău;REGI,D-MD,PETI,D-UA;university;
197631;27;7;1969;Zalău;AGRI,DEPA,AFET,ENVI,D-MD,D-ZA;secondary,university;manager,consultant
96991;12;7;1975;Bilbao;BUDG,D-RU,CONT,ECON,DANZ;;
197841;;;;;ENVI,D-BY,DEPA,INTA,DEEA;;
239258;5;7;1957;LIBRIZZI;ENVI,SANT,BUDG,REGI,PETI;university;manager
182995;26;11;1956;Versailles;LIBE,FEMM,D-BY,D-US,D-CA;;
197501;4;2;1968;Świerklaniec;CONT,LIBE,D-TR,D-BR,DMER,DLAT;;
251874;17;11;1992;Coesfeld;EMPL,D-UA,DEPA;;
197799;21;4;1964;;BUDG,ECON,D-JP,DEVE,PECH,DACP,DPAC;;
197837;2;10;1958;Karaganda;ECON,D-US,DEEA,DCAS;;
197694;15;10;1979;Boulogne-Billancourt;DROI,AFET,INTA,SEDE,D-MD,DMED,DEPA;;
197427;16;10;1955;Lauf;D-ZA,AGRI,DEVE,ENVI,D-AL;;
197567;15;10;1980;Gentofte;JURI,FEMM,DSCA,DEPA,IMCO,DASE;;
197679;5;9;1982;Madrid;REGI,ECON,DEPA,CULT,PETI,FISC,D-JP,DLAT;university;teacher,manager,consultant
124934;;;;;REGI,BUDG,FEMM,D-US,DANZ;secondary,university,phd;politician,official,teacher,manager
197550;29;1;1976;Skarzysko Kamienna;;;
125005;19;8;1947;Laredo;DCAM,AFET,SEDE,DLAT,DACP,DPAC,D-RU,DMAG;;
197650;12;2;1968;Gondomar;DMAS,AFET,LIBE,DROI,DLAT,DAND,DMED;;politician
209091;28;9;1981;Pietà;ENVI,DKOR,LIBE,AFCO,DMAS;university;politician,manager
197638;3;2;1954;Bombarral;BUDG,INTA,D-CN,DMED,ECON,DMAG;university;official,teacher,manager
198096;20;9;1949;Cuenca;AGRI,INTA,SEDE,D-US,DNAT;;
4267;8;6;1956;Gießen;DROI,DEVE,DCAM,DLAT,DACP,DAFR,AFET,INTA,BUDG,DCAR,D-UK,D-BR;;
124709;26;7;1976;Zlín;ITRE,DACP,DAFR,BUDG,D-ZA;secondary,university,phd;official,manager
197582;31;12;1972;Bra;ENVI,DSCA,ECON,ITRE,PETI,FISC,D-US,DACP,DAFR;;
96775;18;2;1983;Garbagnate Milanese;IMCO,D-US,ITRE,AGRI,DMER,DLAT;;
132366;6;2;1957;Hyvinkää;EMPL,DKOR,CONT;;
197794;20;9;1968;Brindisi;EMPL,D-MX,DLAT,CULT;;
197798;15;2;1963;Pagani;TRAN,PECH,DMED;;
197683;3;2;1948;Marseille;TRAN,ENVI;;
204400;5;5;1982;Madrid;JURI,D-CN,AGRI,DSEE;;politician,researcher,manager,consultant
96801;;;;;DASE,TRAN,CULT,D-TR,D-CL,DLAT,DACP,DCAB;university,phd;politician,official
237779;14;6;1957;Råda Lidköping;FEMM,DMED,AFET,EMPL,LIBE,D-US;;
4289;18;2;1963;München;ITRE,D-US,JURI,D-IN,DASE;secondary,university,phd;lawyer
197532;19;11;1959;Lublin;REGI,CULT,DACP,DAFR,ITRE,DASE;;
197756;8;2;1972;Venlo;TRAN,D-ZA,REGI,FEMM,DSAS;;
96698;24;7;1959;Vilnius;ITRE,DEEA;secondary,university,phd;politician,manager,labourer
197636;17;9;1974;Ocna Mures;LIBE,D-US,AFET,ITRE,PETI,DLAT;;
197718;20;7;1972;A CORUNA;ITRE,SANT,DMED,ENVI,PECH,DMER,DLAT;;
28224;;;;;CONT,ITRE,D-RU,TRAN,D-CN;phd;politician,teacher,manager
23788;12;9;1974;Gdańsk;IMCO,DASE,AFET,DARP;;
197581;28;3;1974;Coutances;D-CA,ECON,IMCO,PECH,FISC,D-UK,D-US;university;lawyer,politician,researcher,manager,consultant
197503;30;11;1974;;BUDG,IMCO,DKOR,CULT,PETI,DACP,DAFR;university;
254719;21;9;1979;Lisboa;LIBE,D-BR,DMER,DLAT,INTA,ENVI,IMCO,PECH,D-UK,D-US;;
24505;10;5;1973;Epinay sur Seine;DMAG,INTA,AFET,CULT,JURI,DMED;;
197516;11;5;1985;Opole;DEPA,LIBE,D-MD,ECON,FISC,D-JP;phd;teacher,manager
197401;23;9;1970;Roslags-Bro;D-BY,INTA,ENVI,DEPA,D-UA;university;manager
204368;16;1;1981;;DROI,DEVE,AFET,D-AL,D-ME,DCAS,DACP,DAFR;university;politician
197446;1;9;1967;;EMPL,D-RU,ENVI,SANT,D-CN;university,phd;official,researcher,manager
36392;27;9;1957;Venafro;IMCO,D-US,D-JP,ENVI,ITRE,SANT;;
250918;21;10;1975;Châteaubriant;DEVE,CONT,SANT,DACP,DAFR,ENVI;;
197538;;;;;DLAT,IMCO,D-BR,DMER,TRAN,DACP,DCAB;;
124735;19;5;1972;Vaasa;D-US,INTA,ITRE,AFCO,D-JP;;
1992;13;8;1944;Madrid;DLAT,ECON,FISC,D-MX,DCAR,INTA,D-TR;;
228604;;;;;EMPL,DPAP,DEVE,BUDG,D-TR,D-RU,DKOR;;
232843;30;6;1975;Volkach;AFET,ECON,IMCO;university;media,politician,manager
197623;8;8;1958;;AFET,INTA,ITRE,DROI,DCAR,D-IN,DCAS,DEPA,DACP,DAFR,D-BY,DSCA,D-IR,DKOR,DMED;;politician
253008;28;12;1990;Gothenburg;TRAN,REGI,DEEA,ITRE,D-UK,D-CN;;
197587;14;1;1953;Oradea;AGRI,SEDE,D-RU,AFET,DEEA;;
124704;21;2;1980;Slavičín;ENVI,DMAG,DMED,BUDG,REGI,DCAM,DLAT;;
197414;21;8;1969;Lemesos;EMPL,D-TR,AFET,CULT,LIBE,DCAM,DLAT;university;media
197702;13;9;1969;Sevilla;ITRE,FEMM,D-US,EMPL,DASE;university,phd;teacher,researcher
28399;1;4;1970;Pamplona;D-IL,AFET,DARP,DMED,SEDE,D-US;university,phd;
125068;;;;;D-AL,REGI,D-TR,DARP,AFET,AGRI,D-UK;;
197663;23;3;1976;București;EMPL,FISC,D-JP,ECON,D-US;university,phd;teacher,researcher,manager
197585;19;10;1979;;PECH,JURI,DAND,DLAT,TRAN,D-MX,D-BR;;
197680;2;6;1980;;ENVI,SANT,DEPA,DSCA,D-IN;;
96780;2;7;1962;München;CONT,BUDG,D-CN,ECON,DPAL,D-CA;secondary,university;
58789;5;7;1984;Makkinga;ENVI,D-US,AGRI,D-BR;university;politician
197740;18;7;1959;Athènes;ENVI,D-AL,AFET,SANT;;
197767;8;2;1958;Bratislava;IMCO,FISC,DCAS,ECON;university;manager,consultant
197863;11;6;1987;Boston;EMPL,CULT,D-US,LIBE,DACP,DAFR;;
130100;2;5;1972;Sint-Truiden;AFET,D-UK,AGRI,LIBE,FEMM,D-JP;university;
197868;11;2;1989;ZOETERMEER;INTA,FEMM,D-CL,DLAT,EMPL,DROI,DCAR,DMER;;
103381;9;5;1987;Gelsenkirchen;EMPL,LIBE,FEMM,D-UK;university;politician
28294;1;8;1959;Maribor;ENVI,D-IL,TRAN,DMED,DACP,DAFR;;politician,teacher,manager
197667;;;;;TRAN,D-IN,IMCO,DEEA;;
247709;25;12;1976;Drachten;PECH,DROI,DSAS,AFET,DMAS;;
197589;6;9;1966;Nimes;CULT,D-IN,REGI,DKOR,DEPA;;manager,consultant
197408;22;5;1976;Ludwigsburg;DEVE,ENVI,ITRE,D-ME,D-CA,D-TR;secondary,university;politician,official
96646;21;6;1954;Berlin;INTA,AFCO,D-MD,D-BY,D-US,DEPA,D-UK,D-CN;;
197637;;;;;ITRE,LIBE,DASE;university;politician,engineer,manager
239260;25;7;1981;Polistena;ECON,REGI;;
197432;21;2;1978;;TRAN,DACP,DAFR,DEVE,LIBE,DROI,DMAS;university;
197512;7;4;1967;Royan;AGRI,DACP,DAFR,DEVE,PECH;;
124834;15;5;1965;;LIBE,DSCA,DKOR,DEPA,AFCO;university,phd;media,politician,official,manager
124715;13;6;1962;;DEVE,DROI,DACP,DAFR,DARP,D-IR;;
4560;14;3;1956;Stiphout;IMCO,DACP,DPAC,EMPL,JURI,D-CN;;
198329;22;9;1963;Puçol;EMPL,DACP,DCAB,ENVI,DSAS;;
250237;16;11;1961;Puławy;IMCO,DACP,DAFR,INTA,DLAT;;
197489;21;6;1953;Schnaittenbach;;;
199996;;;;;AGRI,PECH,D-US,REGI,D-CA,DLAT,DACP,DAFR;university,phd;teacher,researcher
96761;7;4;1963;Hameln;DANZ,JURI,LIBE,DSAS;;lawyer,teacher
197780;1;1;1981;;D-IR,ITRE,AFET,SEDE,DNAT;;
197488;19;1;1970;GELSENKIRCHEN;;;
197791;8;5;1966;Roma;;;
197824;21;8;1977;Palermo;REGI,DACP,DAFR,LIBE;;
124850;26;5;1971;Varna;LIBE,PETI,DACP,DAFR,JURI,DKOR,DEPA;;
197417;20;9;1982;Zagreb;IMCO,SANT,D-TR,ENVI,REGI,D-ME,DMED;;
197453;5;6;1976;Berlin;DEEA,TRAN,DMER,ENVI,REGI,AGRI,DLAT;university;
197699;;;;;TRAN,DKOR,DMED,ITRE,FEMM,DMAS,D-US;university;manager
96756;24;10;1964;;CULT,DPAP,DEVE,D-ZA,DACP,DAFR;university;
197734;7;2;1985;Athens;BUDG,ECON,D-MK,PETI,D-UK;;
124722;4;12;1975;Csorna;ECON,DASE,ITRE,D-US;university;lawyer,researcher
28619;8;5;1950;Rīga;PETI,D-AF,D-IN;university,phd;politician,teacher,researcher,manager
29579;11;3;1963;Ougrée;PECH,CULT,PETI;university;politician
197838;30;10;1955;Mazas Ungutas;D-BY,AGRI,DEPA,AFET,SEDE,DNAT,DACP,DPAC;;
5565;11;5;1958;;AFCO,DMAG,DMED,TRAN,LIBE;university;politician,manager
197400;18;5;1976;Basra;D-IQ,LIBE,EMPL,FEMM,DSEE;university;politician,manager
197844;18;4;1982;Sliven;ENVI,TRAN,DSCA,DEPA,LIBE,DSEE,D-RU;;
237465;12;4;1983;Meerane;REGI,D-BY,ITRE,D-IL,DPAL,DEPA;secondary,university;politician,official,researcher,manager
197533;22;12;1989;Frejus;ECON,JURI,FISC,DCAR,DEVE;university;teacher
197552;8;9;1965;České Budějovice;AGRI,DAND,DLAT,EMPL,D-US;;
24922;25;9;1974;Malmedy;REGI,JURI,DANZ,ITRE,D-ZA;secondary,university;lawyer,politician
35016;2;9;1975;GENOVA;TRAN,D-UK,D-IQ,D-IR,DLAT,INTA,IMCO,D-MX,D-JP;secondary,university;lawyer,manager,consultant
193273;28;10;1966;Kaiserslautern;DSEE,CULT,EMPL,LIBE,D-AL;;
96812;10;6;1961;;LIBE,DACP,DAFR,DEVE,AFCO,D-IR,D-CN,DLAT;university,phd;researcher
197470;16;3;1985;Tournai;INTA,LIBE,DMAG,D-CA,DMED;;
22858;20;10;1959;Sélestat;BUDG,LIBE,DMAS,DMED,DMAG;university;politician,official,manager
197596;12;4;1960;Viitasaari;ENVI,DCAM,DLAT;;
130833;27;2;1953;;DMER,AFET,DANZ,IMCO,CULT,DROI,DLAT;;
125038;11;2;1965;Donostia San Sebastián;LIBE,DPAL,DMED,AFCO,PETI,DACP,DAFR;university;
124844;22;5;1969;Benevento;ECON,D-MD,DEPA,ENVI,DACP,DCAB;university;official,researcher,manager
197843;8;12;1956;Lietuva;DEPA,AFET,ITRE,D-UA,D-RU,D-IL;;
197419;15;8;1972;Koper;D-ME,ITRE,TRAN,D-RS;;
197546;29;6;1980;Moravská Třebová;IMCO,D-US,CULT,D-IN;;
28390;31;7;1952;Nador (Marruecos);DAND,ITRE,DLAT,IMCO,D-UK,DSAS,DASE;university,phd;media,official,teacher,researcher,manager
58766;3;1;1982;RASINARI;BUDG,SANT,D-US,ENVI,TRAN,D-MD,DNAT;university;politician,official
213330;;;;;INTA,D-IN,CONT,D-ZA;university;lawyer,politician,official,manager
190713;12;7;1979;Wien;DKOR,SEDE,AFET,LIBE,DCAR,DSEE,EMPL,D-UK;secondary,university;politician,teacher,consultant
250235;7;12;1961;Wrocław;REGI,DLAT,JURI,DCAS;;
197449;6;11;1986;;ENVI,ITRE;;
197628;27;2;1956;Toulouse;LIBE,DEEA,D-UA,DEVE,JURI;university,phd;lawyer,manager
124837;28;10;1962;Rastatt;D-ZA,INTA,ECON,SEDE,FISC,D-RU;university,phd;politician,official
197403;31;1;1988;Pieta;PETI,IMCO,DMED,DACP,DCAB,EMPL,ITRE,DPAL;;
197634;1;8;1976;Alcochete;AFET,ECON,FISC,DMAG,D-IN,DMED;university;
197845;19;2;1988;Sofia;D-UK,ITRE,REGI,D-JP,CONT,IMCO,DASE;university;
221463;4;8;1970;;PECH,DSEE,ITRE,AGRI;;
197537;17;8;1961;Praha;ENVI,SEDE,D-US,DMED,LIBE,D-IL;;
238639;17;5;1989;;ITRE,FEMM,D-ME,ECON,SANT,D-CN;;
124996;2;2;1963;;TRAN,EMPL,D-UK,DARP;secondary;
126644;12;12;1969;Barcelona;DMER,DLAT,INTA,EMPL,D-MX,D-UK,IMCO,PETI;;
197655;;;;;CONT,D-ZA,LIBE,PETI;;
96796;24;12;1949;Kraków;D-CL,CULT,DANZ,DLAT;university,phd;teacher
197495;8;4;1973;Czestochowa;ENVI,DASE,ITRE;;
124771;1;8;1953;Nancy;DEVE,CONT,EMPL,D-AL,D-ME,DACP,DAFR,D-MK,D-RS,DSEE;secondary;
96779;8;4;1948;Nisko;D-US,INTA,ECON,D-MX,D-UK,DLAT,AFCO,FISC;university,phd;politician,official,researcher,manager
125046;8;1;1979;Oviedo;ECON,FISC,D-ME,BUDG,D-CN;university;researcher,manager
197445;3;8;1990;Wiesbaden;BUDG,LIBE,D-CN,D-IN;university;
254721;25;4;1979;Santarém;ITRE,PECH,D-US,IMCO,FEMM,DCAM,DCAS,DLAT;;
197654;3;4;1963;Dublin;ITRE,TRAN,D-AL,D-US,REGI,D-UK,D-CN;university;teacher
96681;3;3;1960;Linkuva;EMPL,FEMM,DEPA,CULT,DSCA;;
1909;14;11;1955;Oldenburg;INTA,DASE,D-JP;university;politician,teacher,manager
197466;9;5;1967;Giessen;ENVI,D-JP,ITRE,TRAN,D-AL,D-CA;;
24594;1;10;1973;Haguenau;AGRI,DEEA,EMPL,D-IR;university,phd;politician
218349;;;;;ECON,D-US,INTA,FEMM,DKOR;;
96791;25;11;1966;Jasło;ENVI,TRAN,FEMM,DACP,DCAB,SANT,DARP;university;politician,official
197438;15;9;1969;Zagreb;CONT,D-US,D-CA,JURI,D-JP;university;lawyer
197695;27;3;1967;New York;INTA,ECON,D-IL,AFET,BUDG,IMCO,DMED;university;manager,consultant
96709;;;;;D-IN,IMCO,DANZ,INTA,CULT,DMER,DLAT;;
23816;;;;;ITRE,DACP,DAFR,BUDG,D-BR;university;manager
197566;5;5;1957;Piotrkow Trybunalski;D-UA,AFET,SEDE,DEPA,INTA;;
197840;26;1;1958;Panevėžys;SEDE,DSCA,DEVE,DEPA,AFET,LIBE;;
124806;12;1;1971;;AFET,DCAR,D-UK,DNAT,INTA,SEDE,D-US,DLAT;secondary;lawyer,politician
197457;4;9;1970;Munchen;ITRE,D-US,D-CN,BUDG,ECON;;
197425;10;11;1972;DERNBACH;ECON,D-IN,DCAS,INTA,EMPL,D-RU;university,phd;
124708;;;;;IMCO,D-US,INTA,DMER,DLAT;university,phd;politician,official,researcher,manager
204346;;;;;AFET,INTA,DACP,DCAB,IMCO,D-US;;
239257;19;1;1953;;ENVI,TRAN,D-AL,AGRI,DSEE,DLAT;;
125001;22;7;1966;;AFET,D-US,LIBE;;
96771;12;4;1962;Wyszków;AGRI,D-RS,PECH,DSEE;;
124877;;;;;DCAB,DACP,LIBE,ENVI,FEMM,D-CA;;
197435;4;1;1961;Bad Wildungen;AFCO,EMPL,DMER,DANZ;;politician,official,manager
120478;1;12;1955;Berlin;REGI,CULT,D-IL,DMED,DEPA,DSCA;university;official
197398;24;10;1964;Gävle;ENVI,D-RU,TRAN,AGRI,D-US,D-CN;secondary,university,phd;doctor,teacher
204414;19;9;1975;Madrid;EMPL,FEMM,DAND,DLAT,ENVI,ITRE;;
197835;4;6;1958;;ECON,DSAS,BUDG,FEMM,FISC,D-IN;;
197670;;;;;D-MK,AFET,D-UK,DSEE,TRAN,D-US;secondary,university;
96711;22;8;1974;Arras;ENVI,D-MX,DLAT,ECON,DASE;;
183793;28;6;1975;;AGRI,D-TR,ITRE,DMAG;;
193292;26;5;1967;Luxembourg;DCAM,SANT,ENVI,TRAN,DLAT,AGRI;secondary,university;official,teacher,manager
197828;2;9;1965;;DPAL,AFET,DMAS,DLAT,DROI,SEDE,D-CL;;
197459;;;;;DEVE,DPAP,DACP,DAFR,DCAR,AFET,FEMM;;
197822;25;8;1969;Ancona;PETI,DKOR,ITRE;;
249285;24;8;1978;Saint- Brieuc;ENVI,INTA;;
197547;;;;;REGI,D-JP,AGRI,FEMM,DMED;;
197390;6;8;1986;Tyresö;D-IQ,ITRE,LIBE,EMPL,SANT,DMAG;;
134605;6;8;1979;BIRLAD;D-MD,LIBE,DEPA,AFET,CONT,PETI,D-TR;secondary,university;lawyer,politician,researcher,manager
197785;9;3;1970;Llerena;FEMM,AGRI,D-MX,D-CL,DLAT,EMPL;;
38420;1;3;1978;Drobeta Turnu-Severin;ITRE,SANT,DASE,ECON,ENVI,DARP;university,phd;politician
183338;2;2;1984;;TRAN,AFET,ITRE,DPAL;secondary;engineer,manager
197493;22;4;1991;Paide;AFET,AFCO,D-US,DCAM,DLAT,LIBE,DROI,SEDE,DACP,DAFR;university;politician,manager
197825;30;6;1950;Regalbuto;JURI,D-CN,PECH,DASE;;
197433;19;11;1968;Köln;LIBE,D-CL,D-UK,D-IN,AFET;;
197648;18;5;1992;;ENVI,PETI,DSCA,DEPA,AGRI,D-MD;secondary,university;farmer,politician,manager
125093;18;4;1975;Athina;AFET,DROI,D-TR,LIBE,D-AL;university;
197646;26;12;1956;Oradea;D-CA,REGI,BUDG,D-CL;;
204332;16;5;1967;Dublin;DEVE,INTA,D-UK,D-ZA,FEMM,D-TR;;
218347;;;;;AFET,D-MK,D-UK,LIBE,D-TR,D-RS,DARP,DLAT;;
197826;24;12;1963;Latina;CONT,ITRE,REGI,DARP,ENVI,DACP,DCAB;university;teacher
197391;29;9;1960;Kristianstad;ENVI,SANT,CULT,FEMM,D-ZA;;
197738;26;7;1991;Se Nova;ECON,FISC,D-CN,ENVI,D-US;;
124873;21;3;1979;;JURI,D-MK,AFET,TRAN,AFCO,PETI,DSEE,D-US;;
197616;17;4;1968;Portogruaro;PECH,DLAT,DEPA,ENVI,REGI,AGRI,D-RU,DAND;;
236050;5;2;1987;Calais;ITRE,D-MX,AGRI,D-IL,DPAL;;
28586;21;3;1955;Athina;BUDG,ECON,D-US,REGI;university;engineer,manager
197657;16;1;1969;Bacau;;;
197415;7;12;1959;Nicosia;CULT,D-CL,DPAL,REGI,D-CA,DLAT;university,phd;politician,teacher,researcher,manager,consultant
197422;5;6;1972;Landau;ENVI,FEMM,D-ZA,AGRI,DPAP;secondary;
197894;6;3;1956;Budapest;AFCO,DMAS,TRAN,D-TR;university,phd;lawyer,media,politician,official,teacher,researcher,manager
197452;8;3;1976;Kranj;AFET,D-RS,ITRE,SEDE,D-ME,DNAT;;
197682;17;10;1966;Bad Ischl;CULT,DACP,DCAB,CONT,REGI,DPAP;secondary;media,manager
197778;11;4;1983;Breda;ITRE,REGI,DPAP,TRAN,DCAR,DEEA;;
236053;12;7;1989;Marseille;ENVI,ITRE,DASE;;
125021;4;11;1960;Vleuten-De-Meern;EMPL,DASE,INTA,DPAP;university;researcher
183916;1;7;1968;;BUDG,IMCO,D-IQ,D-CN,REGI;;
96653;10;11;1982;Nitra;AGRI;;
197787;27;2;1955;Roma;ECON,EMPL,AFCO,FISC,DKOR,CONT,IMCO,D-US,DLAT;secondary,university;official,teacher,researcher,manager
197796;31;8;1970;Bologna;TRAN,PECH,D-MK,DLAT,DACP,DPAC;;
96725;8;10;1976;;ENVI,ECON,D-UK,D-CN,CONT,D-US;;
204416;8;2;1972;Paris;CONT,CULT,JURI,D-IL,EMPL,DMAG,DMED;university,phd;lawyer,media,teacher,manager,consultant
197447;26;2;1989;Kranj;SANT,D-MK,CULT,EMPL,ENVI,DPAL,DCAS,DACP,DAFR;university;media
188945;29;4;1979;Bochum;EMPL,DKOR,ITRE,D-JP;secondary,university;politician
197786;19;3;1987;Pisa;AFET,D-IL,DMED,LIBE,DROI,DARP,D-US;;
125043;7;1;1958;Madrid;D-CL,DCAR,INTA,D-UK,TRAN,D-JP,DLAT;university;official,manager
243979;2;6;1993;Todi;ENVI,DACP,DAFR,DROI,D-US;;
197473;27;4;1988;Kemnath;ENVI,REGI,DCAS,IMCO,LIBE,AFCO,D-BR,DMER,DLAT;;
28161;;;;;DPAL,ENVI,PETI,SANT,DMED;;
124852;5;5;1966;Kherson;AFET,D-MK,ECON,D-AL;;
197720;;;;;ECON,FEMM,D-CN,DEVE,D-US;;
96891;2;2;1958;S. Pietro Vernotico;INTA,AGRI,D-US,DMAS,DMED,DLAT;university,phd;researcher
96734;22;11;1981;W.-P.-St. Guben;ENVI,PECH,D-MX;university;
125004;2;2;1963;Senovo;D-RS,AGRI,ITRE,REGI,D-CN,DACP,DAFR;secondary,university;politician,official,manager
247735;19;7;1984;Barcelona;IMCO,DMAG,DMED,DACP,DAFR,ITRE,FEMM,D-US,D-IN;university,phd;politician,researcher,manager
197765;20;4;1973;Levoca;D-RU,CULT,REGI,LIBE,D-UA,D-IN,DEPA;;
40599;19;4;1959;Parikkala;ECON,FEMM,DPAL,DMED,BUDG,ENVI,FISC,DPAP;secondary,university;teacher
1892;20;5;1960;Lisboa;CONT,DACP,DAFR,REGI,D-ZA;;
96776;13;4;1954;Kraków;IMCO,DCAS,ENVI,LIBE;university;politician,official,manager
197448;20;2;1986;Essen;BUDG,ECON,FISC,D-CA,ITRE,D-US;;
24942;2;5;1971;Cuntis;PETI,PECH,REGI,DROI,DPAL,D-BR,DAND,DMED,DLAT;;
197668;15;6;1986;Arad;REGI,D-AL,IMCO,CULT,D-ME;;
198176;13;4;1967;Grieskirchen;INTA,FISC,DSCA,D-ZA,DEPA,AFET,ECON,TRAN,D-UK,DEEA,D-US,DCAS;;
185619;5;12;1985;;ENVI,JURI,SANT,D-CA,D-AL;university;lawyer,teacher,researcher
23781;13;6;1951;Lublin;BUDG,DASE,ECON,ITRE,DAND,DLAT;university,phd;teacher
124760;21;12;1977;Saint-Germain-en-Laye;EMPL,REGI;;
28340;17;3;1950;;ITRE,DEEA,DAND,DEVE,TRAN,DLAT;;
197504;1;7;1984;Saint-Remy;AGRI,D-BR,INTA,DPAP;secondary;farmer
197527;5;2;1976;Besançon;IMCO,D-JP,DASE,TRAN,LIBE,PETI,DANZ;;
197701;9;6;1964;Athens;LIBE,D-RU,EMPL,D-TR,D-IQ;;
124713;2;11;1979;Havlíčkův Brod;DCAS,AFET,EMPL,D-JP,DSAS,LIBE,DACP,DAFR;university;media,manager
197731;11;4;1968;Dublin;D-AF,LIBE,INTA,TRAN,SEDE,D-RU;;
28229;14;7;1972;Niederhatzkofen;;secondary,university;politician
197795;25;12;1988;FOGGIA;TRAN,D-CL,DACP,DPAC,PETI;;
197626;29;1;1956;MALESTROIT;BUDG;;
197788;12;10;1962;Riva del Garda;AFET,D-IL,DSAS,DASE,DNAT,SEDE,D-US;;
190774;12;4;1976;Boulogne-Billancourt;JURI,D-US,IMCO,DPAP;university;
125109;;;;;ITRE;university,phd;media,politician,official,manager,consultant
249284;1;3;1973;Thionville;ENVI,PETI,DPAL,D-AF,DSAS,DMED,ECON;;
197539;18;6;1986;Praha;ITRE,D-UA,CONT,ECON,FISC;;
197595;6;4;1987;Magyarország;LIBE,D-AL,EMPL,D-TR,D-RU;;
122978;15;10;1993;;EMPL,DCAM,DLAT,ITRE,DMAG;university;politician,official
197480;1;7;1962;Berlin;;;
254722;12;2;1951;Vila Franca (Viana do Castelo);BUDG,AGRI,D-BR,DMER,DLAT,EMPL,DMAG,DMED;;
124973;8;11;1958;Antwerpen;ECON,AFCO,D-US;university;
254718;18;10;1976;Lisboa;AFET,ITRE,DROI,SANT,DPAL,DMAS,DMED,ENVI;;
197528;31;8;1984;Sušice;REGI,D-ME,ENVI,SANT,D-AL;;
250538;15;2;1978;Ciechanów;BUDG,D-RU,AGRI,D-UA,DEPA;;
197564;15;7;1955;;;;
2054;14;11;1955;Oulu;INTA,DROI,DASE,DEPA,JURI,D-RU,DSCA;;
197530;2;1;1967;Lodz;SANT,ENVI,D-JP,EMPL,DAND,DLAT;;
96668;26;4;1952;Killarney;D-UK,ITRE,DASE,INTA,AFCO,D-ZA;;
197808;10;2;1956;Lampedusa;LIBE,BUDG,PECH,DMAS,DACP,DPAC,D-IQ;;
112744;31;8;1961;Mali Lošinj;AFET,DSEE,DEPA,ECON,AGRI,D-RS,D-US;university;researcher
2341;22;4;1960;Frankfurt/Main;DACP,DAFR,AFET,D-ZA,TRAN,SEDE,DPAP;university;lawyer,official
197577;4;7;1971;Paris;CONT,ECON,FISC,DSEE,AFCO,DEEA;;
197709;2;8;1966;Rotterdam;ITRE,D-RU,ENVI;;
125064;11;9;1965;Larisa;ENVI,ITRE,REGI,D-MK;secondary,university;media,politician
72779;6;11;1963;Nancy;LIBE,DPAP,DEVE,DACP,DCAB;;
197511;14;3;1971;Aubervilliers;AFET,DROI,DMED,CULT,DPAL;;
197553;15;4;1963;Oswiecim;EMPL,ITRE,D-US,DSCA,DEPA;;
197522;2;12;1968;Pardubice;FEMM,SANT,D-MD,ENVI,D-CL,DEPA;;
197580;25;6;1987;Busto Arsizio;ITRE,FEMM,D-ZA,IMCO,DMAS;university;lawyer
197776;5;10;1969;Groningen;D-CN,ITRE,CULT,LIBE;;
197783;5;3;1961;Riga;TRAN,DCAS,PETI,ITRE,D-RU;;
4344;;;;;DPAP,ENVI,FEMM,DLAT,AFET,DEVE,DROI,DAND,DACP,DAFR;;
197439;8;3;1988;Frankfurt am Main;AFCO,D-CA,BUDG,ECON,ITRE,LIBE,D-US;;
202073;12;3;1963;Luxembourg-Ville;EMPL,PETI,D-CL,DLAT,ECON,IMCO,D-CN;university;teacher
204334;18;12;1986;;LIBE,D-AF,ENVI,DMED,DACP,DAFR;;
197632;23;12;1988;Feldkirch;DEEA,ITRE,ENVI,D-MK;university;
4746;27;7;1959;Vicenza;ENVI,DMAS,DARP,DMED,INTA,DMAG;university;manager
197556;24;9;1952;;AGRI,D-CN,DCAS,ENVI,ITRE,D-RU;;
197754;18;3;1977;;DLAT,EMPL,FEMM,ITRE,AGRI,DMER;;
197779;16;11;1970;Madrid;TRAN,DARP,AFET,D-US;university;
197820;21;1;1976;Roma;DSAS,ENVI,AGRI,DEEA;secondary,university;media,politician,manager
197870;16;10;1989;Vlissingen;IMCO,DANZ,EMPL;;
197584;22;11;1988;Budapest;CONT,ENVI,DNAT,D-TR;;
197611;30;10;1967;San Daniele del Friuli;EMPL,AGRI,DMAS,ITRE,REGI,DEEA;;
197772;28;9;1961;Appeltern;AFET,LIBE,D-MK,D-BY,DACP,DAFR,DROI,D-TR,DMAG;;
197773;22;3;1972;Reimerswaal;D-IL,AGRI,PECH,DMED,AFET,D-IN;;
124770;23;5;1957;Tournan-en-Brie;D-CN,CONT;university;media
236052;20;11;1963;Eindhoven;LIBE,DLAT,AFET,D-CL,DASE;;
197505;29;11;1962;Bron;DEVE,DPAL,DMED,ENVI,PECH,DACP,DAFR;;
124726;4;6;1972;Joutsa;ITRE,TRAN,DARP,DACP,DAFR;university;media,teacher
28269;3;7;1940;Śmiłowice;ITRE,DNAT,SEDE,D-UA,DEPA;;
124777;4;2;1971;;INTA,D-US,DMED,BUDG,ITRE,DMAG;secondary,university;teacher
125065;14;9;1956;Athina;FEMM,TRAN,LIBE,D-TR;;
112747;28;11;1964;Split;ITRE,D-AL,ENVI,D-RU;;
197394;27;12;1989;Victoria;DANZ,ITRE,TRAN,REGI,D-CN,DMED;;
197426;9;10;1978;Lahn-Wetzlar;INTA,AFCO,DARP,AFET,ECON,DCAR,D-ZA,DACP,DPAC;phd;researcher
96747;11;2;1971;Louhans;INTA,SEDE,DCAR,DANZ,AFET,CONT,DASE;university,phd;politician,official,teacher
124700;15;10;1966;Tallinn;PETI,LIBE,D-RU,REGI,JURI,D-IQ;secondary,university;media
233862;10;4;1980;;DMAG,AFET,D-RS,LIBE,DACP,DAFR;university;politician
28122;16;11;1968;Valletta;EMPL,D-UK,DARP,ECON,D-TR,DMED;;
189065;5;2;1961;Paris;ECON,PECH,D-UK,D-IN,DMED,INTA,D-ME,DMAG,D-JP,DEPA;;
124785;7;11;1954;Berești - Galați;IMCO,CONT,LIBE,DEPA,TRAN,D-MD,D-JP;secondary;politician,engineer,manager,consultant
124866;16;9;1985;Sevlievo;D-TR,AFET,TRAN,JURI,DARP;university;politician
28346;12;7;1944;Sanremo (IM);DEVE,D-TR,DMED,AFET,ENVI,AFCO,DROI;;
197586;;;;;ENVI,DCAS;;
106936;14;10;1984;Aachen;CONT,AFCO,LIBE,D-ME,DASE;university;media,politician,manager
197675;;;;;AGRI,DSCA,ENVI,IMCO;secondary;politician
101039;27;5;1980;NEGRAR;ITRE,TRAN,D-TR,D-RS,DLAT;university;politician
197606;6;6;1960;Bilbao;JURI,LIBE,D-CA,AFET,D-IN,DLAT;university;media,politician,official,manager
123562;12;11;1982;HAMMARÖ;AFET,D-IQ,LIBE,D-US;;
197711;18;9;1973;Barcelona;PETI,ENVI,SANT,DMER,D-CN,D-US,DLAT;university,phd;lawyer
197641;23;3;1989;;ENVI,SANT,D-ZA,DLAT,TRAN,DCAM;university,phd;doctor,manager
197792;19;8;1967;Roma;EMPL,AGRI,D-US,DLAT;university;lawyer,teacher
185771;27;10;1978;Leuven;LIBE,DASE,IMCO,DCAR,D-JP,D-ZA;;
132191;;;;;;;
209896;3;1;1972;Drogheda;AGRI,DEEA,TRAN,PECH,D-UK,DMER;;
251249;2;7;1985;Valencia;PETI,DCAM,DLAT;;
197464;3;4;1984;Speyer;DARP,DROI,SEDE,D-IR,AFET,D-IQ;university,phd;teacher,manager,consultant
124862;7;12;1962;Augsburg;DANZ,AGRI,PETI,DSAS,ENVI,D-UK,DACP,DPAC;secondary,university;farmer
197543;;;;;DROI,AFET,D-RU,DMAS,DMED;;
2323;19;2;1957;Stuttgart - Bad Cannstatt;BUDG,AFCO,DACP,DPAC,PETI,DSEE;;
197475;;;;;;;
197818;20;1;1968;Cork;D-US,ECON,FISC,ENVI,SANT,DACP,DCAB;;
197804;11;9;1974;;AGRI,D-BR,INTA,D-TR;;
197849;13;8;1960;Sofia;CULT,D-AL,ENVI,PETI,D-TR;;
118949;21;8;1980;KYJOV;ECON,D-CA,TRAN,LIBE,FISC,D-UK,DEEA;;
197742;3;3;1977;Zaragoza;CONT,TRAN,DMAS,D-JP,REGI,DEEA;university;engineer,manager
96830;17;7;1968;Budapest;ECON,DAND,INTA,DCAM,DLAT;university,phd;politician,teacher,manager
197496;9;1;1952;Łódź;ECON,FISC,D-US,INTA,DCAM;;
88715;20;7;1976;Lisboa;ECON,FISC,D-US,EMPL,LIBE,D-CL,DLAT;;
197697;17;4;1979;Longjumeau;ECON,FISC,D-US,EMPL;;
125025;7;4;1962;Rotterdam;PETI;;
212855;24;5;1984;Novaci;CONT,REGI,D-MD,EMPL,ITRE,AGRI,AFCO,DEPA;university;lawyer,politician,official,manager
197763;;;;;LIBE,D-TR,AFET,D-RU;;
197647;11;9;1970;Orastie;REGI,D-CL,DLAT,ENVI,AGRI,D-JP;university;media,politician,teacher,manager
96885;18;9;1946;Valenciennes;TRAN,D-JP,ITRE,DANZ;university,phd;manager
202352;7;3;1971;Barcelona;DEVE,DANZ,ENVI,PETI,SANT,DAND,DACP,DAFR;;teacher
129073;20;4;1974;Tallinn;AFET,SEDE,D-CL,DASE,DLAT,INTA,D-JP;university;media,politician
96932;29;1;1960;Bochum;LIBE,DMAS,EMPL,DMAG;;
197771;27;5;1975;Bratislava;D-ME,LIBE,D-MK,AFET,AFCO,D-MD,DEPA;university,phd;teacher,manager
96752;26;3;1961;Bad Wildungen;AGRI,D-CL,ENVI,DMER,DLAT,DACP,DPAC;secondary,university;manager
237224;25;12;1986;Barreiro;D-BR,EMPL,PECH,D-RU,ENVI,CULT,PETI,DMER,DLAT;;consultant
197458;10;3;1970;Bastogne;TRAN,D-US,AGRI,DMAS,DMED;;
197423;11;3;1986;Hamburg;CONT,D-IN,D-JP;;
197766;28;11;1976;Bratislava;EMPL,LIBE,DACP,DCAB,CULT;;
37312;4;8;1967;Odense;D-JP,IMCO,ENVI,DEEA;;
197461;10;10;1979;Langenhagen;EMPL,DMAS,AFET,IMCO;;
197743;26;2;1970;;ENVI,FISC,D-IN,TRAN,D-CN;;
124856;14;1;1984;Roma;ITRE,DACP,DPAC,TRAN,DLAT;university;lawyer,politician,official,manager
230085;20;5;1975;Roma;BUDG,AGRI,D-CA,REGI,D-MD,DEPA;secondary,university;media,politician
202112;25;7;1954;București;AFET,SEDE,D-MD,D-IN,DEPA,DROI,DSCA,D-US,DACP,DCAB;secondary,university,phd;politician,official,teacher,researcher,manager
197800;4;7;1955;Kokkola;BUDG,ECON,D-UK,D-RU,SEDE,D-TR;;
197571;28;2;1983;Aarhus;EMPL,ENVI,D-UA,AFCO,D-TR,DPAL,DMAS,DMED;;
204418;22;7;1972;Port-Saint-Louis-du-Rhône;REGI,ITRE,TRAN,PECH,DCAR;;
197513;16;8;1974;Białystok;CULT,D-BY,DEPA,TRAN;university;
197410;15;9;1969;Mönchengladbach;ECON,D-JP,EMPL,ENVI,FISC,D-IL;;
192635;15;10;1965;Rovato (BS);INTA,DMER,ENVI,DASE;;
125063;4;6;1952;Athina;ECON,AFET,D-UK,D-RU,DLAT;university,phd;media,manager
96787;4;3;1969;Brixen;DLAT,AGRI,FISC,DAND,DASE,BUDG,ECON,REGI;;
197443;8;3;1975;;ENVI,SANT,D-ZA,ITRE,D-CA;university;
28288;21;9;1952;Rybnik;CONT,D-CA,BUDG,REGI,D-MK;university;politician,teacher,researcher,manager
197721;29;10;1980;Logrono;ENVI,DKOR,DPAL,TRAN,D-US,DLAT;university,phd;researcher
239255;9;7;1985;;DLAT,ENVI,TRAN,DPAL;;
197451;23;3;1970;Halle/Westfalen;D-UA,AFET,D-RS,D-RU,DEPA,CONT,ITRE,CULT,D-JP,D-CN;secondary,university;
197469;14;7;1980;Godyr;LIBE,DROI,D-US,AFET,SEDE;;
96810;21;9;1976;San Benedetto del Tronto;TRAN,D-RS,DCAM,DLAT,AFET,IMCO,D-BR,DMER;university;politician,official,consultant
197558;;;;;PECH,AGRI,ENVI,D-IL;;
197770;27;1;1977;Bratislava;ENVI,FEMM,DASE,DEPA,BUDG,ITRE,LIBE,D-UA;;
125042;11;11;1985;Madrid;DLAT,ENVI,SEDE,D-MX,AFET,DPAP;university;politician,teacher,manager
197526;;;;;FISC,AGRI,D-TR,ECON,PECH,D-US;;
197490;;;;;D-ZA,TRAN,LIBE,JURI,DACP,DAFR;;
249603;8;7;1994;Luxembourg;INTA,FISC,DAND,DLAT,ECON,ENVI,D-MX;university;engineer
23868;15;8;1968;Bratislava;CONT;university;manager
124710;28;10;1963;Zlín;CULT,DSCA,DEPA,AGRI,D-TR;university;politician,teacher
197692;9;7;1985;Athens;EMPL,PETI,SANT,DMAS,DMED,ENVI,REGI,DROI,D-IN;;
247737;8;2;1984;ÁVILA;AFCO,D-BR,DLAT,BUDG;university,phd;politician,teacher,manager
96998;24;1;1966;Wien;DSAS,ECON,FEMM,D-BR,DLAT,EMPL,FISC,D-MX;university;manager
197518;18;11;1953;Ogrodniki;AGRI,D-TR,REGI,D-IQ;;
198063;8;6;1977;Kecskemét;AFET,DACP,DAFR,INTA,DROI,D-US;university;consultant
96933;25;5;1962;Ljubljana;DSAS,CULT,AFET,DCAM,DLAT;;
124887;13;5;1966;Warszawa;DACP,DPAC,AFET,DROI,SANT,ENVI,D-UA,DEPA;;
28226;17;8;1963;München;ITRE,D-US,CULT,D-UK,D-IL,DMED;phd;manager
28615;20;6;1958;Rīga;ECON,TRAN,FISC,D-CN,BUDG,D-MX,D-UK,D-JP,DLAT;;
197722;15;5;1960;Cáceres;AFET,DROI,D-TR,DEPA,JURI,D-UK,DSCA,DLAT;university;lawyer,politician,official,manager
198490;27;6;1993;Chios;DCAR,INTA,ENVI,PETI,AGRI,SANT,D-CN;;
197608;6;9;1953;Cappella Maggiore;CULT,D-RU,ENVI,DEPA;;
197412;28;2;1973;Ratzeburg;BUDG,PECH,DACP,DAFR,CONT,D-IL,D-IR;secondary,university;politician,manager,consultant
197421;29;12;1961;Odivelas-Loures;AFET,DROI,D-TR,ITRE,LIBE,D-CN;university;teacher
30482;30;9;1969;Saint-Denis (Réunion);REGI,CONT,D-RU,BUDG,DARP,D-US;university;politician,official
197418;15;6;1984;;EMPL,CULT,DACP,DAFR,ECON,FISC;;
135511;6;4;1986;Château-Gontier;DASE,BUDG,ITRE,D-CL,DLAT,DACP,DPAC;;
202036;9;12;1968;Čakovec;AFET,DSEE,ENVI,D-US;university,phd;politician
197544;22;6;1955;Wschowa;EMPL,D-BR,DMER,DLAT,CONT,PECH,D-MD,DEPA;;
197506;10;11;1968;Oostende;REGI,PECH,DACP,DCAB,DEVE,D-UK;;
197618;17;5;1968;Modena;EMPL,D-RU,BUDG,ECON,D-ZA;university,phd;media,researcher,manager
38595;22;6;1960;Bucureşti;TRAN,D-CN,ENVI,REGI;university,phd;politician,engineer,manager
96750;14;9;1953;Ajaccio;AFET,REGI,D-UK,DMED,DACP,DPAC,AFCO,DMAS;;teacher,engineer
243912;22;9;1988;Ferentino;;secondary;manager
128483;11;8;1983;;;;
197481;28;1;1977;Dresden;;university,phd;lawyer,manager
96648;14;3;1963;Bruxelles;ECON;;
39725;14;3;1964;Hunedoara;INTA,D-CN,CULT,DANZ;university,phd;engineer,manager
96852;;;;;D-IR,LIBE,ITRE,D-UA;;
124586;28;11;1970;Budapest;AFET,D-UK,LIBE,D-CN,DASE;;
197549;14;1;1993;Most;DEPA,INTA,SEDE,DSCA,AFET,AFCO;university;politician
251324;16;5;1983;Bydgoszcz;AFET,SEDE,LIBE;;
124738;11;10;1958;Brest;AGRI,JURI,DMAG,DMED,AFCO;university,phd;official,teacher
107212;7;7;1988;PAZARDZHIK;BUDG,REGI,D-AL,CONT,TRAN,D-IL;;
124929;30;9;1961;Považská Bystrica;IMCO,D-JP,ITRE,DROI,D-UA,DEPA,DACP,DAFR;university,phd;official,engineer,manager
185341;;;;;AFET,DSEE,CULT,SEDE,D-US,DLAT;university;media,politician,manager
197525;3;12;1956;;ENVI,DCAM,DLAT,DEVE,FEMM,D-CN;;
250572;;;;;ITRE,D-UK,LIBE;;
197517;17;12;1974;Busko-Zdroj;SANT,ENVI,D-JP,ITRE,DSCA,DEPA;;
34578;28;3;1967;Banská Štiavnica;ITRE,DSCA,DEPA,AFET,ENVI,D-ME;;media,politician,manager
124799;24;6;1973;Vicenza;D-RS,AFET,ENVI,SANT,FEMM,DCAS;;
28400;8;3;1955;Pontevedra;PECH,AFET,D-UK,DCAS,D-CN;university;politician,official,teacher,manager
101585;29;6;1985;Kobenhavn;DARP,ITRE,D-CN,ECON,FISC,D-TR;university,phd;politician,official,teacher,researcher,manager,consultant
256134;24;3;1975;Riga;;;
28429;30;12;1962;Roma;INTA,DPAP,LIBE,DMAS;university;
124784;2;7;1960;Panciu;DPAC,D-JP,DACP,ITRE,D-US,ENVI,IMCO,D-UK;university,phd;politician,official,researcher,manager
190518;;;;;EMPL;university,phd;politician,official,researcher
96772;24;4;1959;Burgstädt;REGI,PETI,D-RU,AGRI,D-UA,DEPA;;
197520;8;5;1963;Mikołów;ITRE,DACP,DAFR,REGI,DASE;;
124822;;;;;AFET,DROI,D-IR,D-US,LIBE,D-IL;university,phd;official,researcher,manager
5392;12;4;1986;;JURI,CONT,D-CN,IMCO,D-US;;
112748;29;11;1971;Osijek;IMCO,DSAS,ENVI,D-MK;phd;doctor
197576;12;3;1959;Versailles;EMPL,DPAL,DMED,FEMM,DCAM,DLAT;university,phd;official,researcher,manager,consultant
197404;27;5;1971;Västerås;D-MX,ENVI,DLAT,ECON,EMPL,DEEA;;
4246;24;12;1957;Ybbs an der Donau;FISC,ECON,ITRE,AFCO,DPAL,D-US,DASE,DMED,DACP,DCAB;university,phd;lawyer,politician,manager
197691;3;7;1984;Rueil Malmaison;ENVI,DASE;;
28372;25;1;1963;Londyn (GB);D-RU,PETI,DEVE,CONT,DROI,DARP,DCAS,DACP,DAFR;university;media,politician
197416;9;4;1963;Nicosia;AFET,D-TR,ITRE,AGRI,D-RU,DCAS;;
124833;11;9;1983;Napoli;LIBE,DACP,DAFR,ENVI,DANZ;university,phd;official
197777;20;10;1944;Caracas;D-CL,AFET,DROI,DLAT,LIBE,PETI,D-BR,DCAM,DMER,DACP,DPAC;;
124891;11;4;1953;Choszczno;ITRE,AFCO,DEEA,AFET,SEDE,D-CN,DSAS,D-ZA;university,phd;teacher,researcher,manager
197690;23;12;1961;Paris;REGI,D-BR,DMER;;
197441;2;6;1962;Pozega;PECH,CULT,DARP,FEMM,D-ME;;
197619;24;10;1983;Castelnovo ne' Monti;JURI,DCAM,DLAT,CONT,REGI;secondary,university,phd;media,politician
124691;27;5;1962;Kato Dhikomo;ECON,D-TR,DMED,INTA,SEDE,D-IL;university,phd;official
124884;14;1;1964;Bydgoszcz;DSCA,TRAN,PETI,DEPA,IMCO,JURI,DANZ,DACP,DAFR;university;media,politician,official,manager
125104;2;11;1965;;EMPL,DEEA,IMCO,LIBE,DCAS;;
96837;1;6;1966;Duisburg;D-ME,CULT,IMCO,D-AL;secondary,university;politician,official,manager
28141;6;10;1974;Tata;FEMM,D-ZA,EMPL,DKOR;;
28353;12;1;1957;Lębork;AFET,SEDE,D-UK,DSCA,DEPA,DNAT;university;politician,official,manager
197573;23;2;1998;Frederiksberg C;FISC,ECON,EMPL,DEEA,D-IN,ITRE,FEMM,D-ZA;;
197801;16;11;1947;Napoli;JURI,DMAS,DMED,LIBE,D-IR;;
197802;30;7;1976;;ENVI,ITRE,DASE,ECON,D-RU;secondary,university;researcher
124835;30;3;1969;Taranto;REGI,PECH,DPAL,DMED,EMPL;secondary,university;teacher
124747;15;8;1962;;ECON,AFCO,D-UK,D-JP,INTA,DLAT,DACP,DCAB;university;lawyer,teacher
197719;27;7;1975;Ciudad Real;REGI,PETI,D-CN,INTA,AGRI;university;
197810;8;6;1976;RIGA;BUDG,D-US,DEPA,LIBE,DSCA;;
197846;8;10;1970;Istanbul;ITRE,DCAS,AGRI,PECH,D-UK,D-US;;
236051;18;3;1956;Toulon;REGI,D-CA,BUDG;;
124836;9;1;1967;Rosenheim;AGRI,FEMM,DMED,DACP,DAFR,DEVE,DROI,D-ZA;secondary,university;teacher
238674;15;6;1984;Schwaz (In Tirol);D-AL,LIBE,AGRI,DROI,DSEE,DMAS;;
197545;1;2;1961;Zarzecze;BUDG,DSEE,ECON,D-MK;;
197563;6;10;1947;Kinnula;ITRE,D-JP,BUDG,REGI,DEEA,DCAS;secondary,university;politician,researcher,manager
96922;27;3;1961;Bermeo;DAND,TRAN,PECH,DLAT,ITRE,D-US;university;
197482;25;6;1956;Schonach;;;
124766;16;5;1963;Vilnius;D-AF,AFET,SEDE,D-UA,DEPA,DNAT,DEVE,DROI,D-BY;university,phd;official,teacher,manager
197507;13;9;1950;Warszawa;AFET,AFCO,DCAS,D-US;;
214839;11;11;1992;Västerås;ENVI,PECH,DEEA,ITRE,AGRI,D-CN;university;manager
239972;16;6;1967;Holstebro;ENVI,DACP,DAFR,ECON,SANT,D-JP;;
197463;22;11;1964;Liège;BUDG,CONT,DMAG,ECON,LIBE,FISC,DMED;university;manager
197769;14;6;1979;Martin;ENVI,PETI,CONT;;
197764;24;9;1953;Lutina;IMCO,D-RU,DEPA,AFET,D-MD;university;lawyer,teacher
204421;17;4;1967;Lyon;AFET,IMCO,SEDE,D-RS,DACP,DCAB,INTA,D-RU,D-IR;;
124936;17;12;1966;Mons;AFET,ENVI,DROI,DPAP,DACP,DAFR;;researcher
197542;12;3;1955;Gdánsk;DEVE,DROI,D-BY,DEPA,DACP,DAFR,LIBE,DMAG,DMED;university;
124696;1;10;1956;;IMCO,DPAP,ITRE,D-IL,DMED;university;engineer
239973;4;3;1990;Gribskov;TRAN,D-CN,REGI,LIBE,D-IR;;
124701;13;3;1966;Brno;ECON,FISC,D-US,ITRE,TRAN,D-BY,DKOR;university;official,researcher,manager
96808;30;6;1970;Madrid;IMCO,D-US,TRAN,DAND,DLAT;;
197455;30;1;1976;Oudenaarde;D-IN,EMPL,SANT,ENVI,FEMM,D-CA;university;politician
251859;14;2;1963;Pondichery;FEMM,DMER,DLAT,JURI,D-MX;university;official,manager,consultant
208722;21;5;1981;Aalst;INTA,EMPL,DSAS,ENVI,D-UA,D-IN;;
197551;8;10;1970;Saint-Denis (Reunion);DCAR,DEVE,REGI,DACP,DPAC;;
97058;11;4;1953;Dendermonde;AFCO,D-US,D-IL,DMED;university;
96934;22;12;1952;;AFET,D-UA,DEPA,INTA,DEEA,DNAT;;
234344;19;6;1962;;DAFR,DACP,EMPL,AFCO,ENVI,DPAP;university;lawyer,teacher
197574;16;11;1960;Joeuf;LIBE,D-ZA,ECON,ITRE,FISC;;
96829;1;7;1975;Budapest;EMPL,D-JP,DEVE,DPAP;university;lawyer
23712;20;3;1963;Praha;INTA,D-UK,DASE,DEVE;university;politician,official,researcher
28347;12;3;1965;Ginebra (Suiza);D-CA,LIBE,INTA,DCAS,DLAT;;
197624;17;11;1972;Riga;ITRE,D-US,ECON,IMCO,DAND,DASE,DLAT;;
205452;13;3;1973;London;AGRI,D-UK,D-ZA,ECON,DPAL;;
197515;12;3;1968;Middelfart;D-CN,ENVI,ITRE,DACP,DAFR,FEMM,SANT,DMAG,DMED;;
4260;15;6;1959;Lahti;;;
96826;27;7;1966;Budapest;PETI,D-IQ,ECON,DKOR;university;lawyer
253043;15;12;1955;Utrecht;ENVI,D-CN,ECON,DKOR,DCAS,DNAT;;
197805;8;7;1976;Helsingfors;BUDG,ENVI,DSAS,FEMM,DPAL,DMED;;
204419;25;3;1968;Sogliano al Rubicone;IMCO,AFCO,DMAS,REGI,D-IN;university;politician,teacher,researcher
251268;4;5;1967;;ITRE,D-IL,AFET,ECON,DACP,DAFR;university;media,politician,manager,consultant
840;6;2;1952;Ettelbruck;AFCO,DEVE,DROI,DCAR,DACP,DAFR,BUDG,AGRI,DARP;;
197717;8;2;1977;Leon;JURI,PETI,DAND,DLAT,CULT,D-CL;university;
189525;3;12;1968;Dubnitsa;CULT,DMAG,DMED,AGRI,PETI,D-RS;;
197395;21;12;1971;Malmö;LIBE,FEMM,D-TR,D-IR;secondary,university;media,official,manager
124712;11;8;1978;;CULT,D-MD,AFET,DEPA;university,phd;teacher,researcher,manager
197467;6;7;1951;Roeselare;INTA,D-UK,D-IN,IMCO;;
124692;22;8;1966;Ammochostos;AFET,D-ME,DACP,DAFR,ENVI,PETI,DLAT;university;media
197502;13;12;1982;;INTA,DACP,DCAB,EMPL,PETI,DCAR;;
197406;27;11;1986;Stockholm;IMCO,FEMM,D-US,AFET,D-BY,DEPA,DACP,DCAB;;
197687;30;8;1961;Juvisy sur Orge;TRAN,DPAP,DACP,DAFR,LIBE;;
197817;9;11;1955;Wexford;ENVI,SEDE,DARP,AFET,ECON,D-IR,D-AF;;
197819;6;10;1974;Larisa;PETI,ITRE;;
197848;18;9;1981;Devin;DCAS,EMPL,AGRI,D-MK;university;researcher,manager
197607;22;5;1964;Milano;ENVI,SANT,D-US,ITRE,DACP,DAFR;;
114268;7;8;1945;Ekenäs;BUDG,ENVI,D-RU,ITRE,D-US;university;media,politician,manager
197737;;;;;ECON,D-RU;;
96952;;;;;CULT,LIBE,PETI;university;politician
244571;29;9;1956;Alameda, California;SEDE,DLAT,ENVI,DACP,DAFR,AFET,PECH,DMER;university,phd;teacher
136236;12;4;1980;Campo Grande;TRAN,PECH,DPAL,DCAS,DACP,DCAB,ENVI,AFCO,SANT;;
249826;18;3;1965;Nitra;EMPL,D-UA,CONT;;
197728;12;2;1976;BUENOS AIRES;DMER,DEVE,DLAT,REGI,DACP,DCAB;university;media,manager
27714;11;3;1975;Budapest;ENVI,SANT,DARP,ECON,IMCO,D-CA;university;media,politician,official
197832;;;;;CULT,LIBE,FEMM,D-MX,DLAT;;
197578;25;12;1982;;ENVI,DACP,DCAB,LIBE,DROI,SANT,D-IN,DAFR;;
197635;23;8;1952;Moçambique;IMCO,JURI,DLAT,DACP,DAFR,FEMM,D-MX;university,phd;researcher
247122;19;10;1964;Aurillac;ENVI,SANT,D-CN,EMPL,D-RU;;
197615;8;7;1964;SURESNES;PETI,FEMM;;
197402;16;2;1978;Gavle;DEVE,LIBE,D-IL,DMED,ITRE,D-TR;university;manager
197627;11;12;1973;Troyes;IMCO,JURI,D-TR,D-AF,DEPA,FEMM,PETI,D-RU,D-US;university,phd;
197541;20;3;1975;Kępno;REGI,FEMM,FISC,DKOR,ECON,D-US;;
237320;17;10;1979;;ECON,BUDG,DSAS;;
88882;;;;;CULT,BUDG,AFCO,DANZ;secondary,university,phd;lawyer,media,politician,official,teacher,manager,consultant
96936;29;4;1961;Madrid;INTA,DLAT,DACP,DCAB,AFET,AGRI,PECH,D-MK,DSEE,DCAM,DAND;university;lawyer,official
197430;;;;;ECON,D-TR,DCAS,AFET,D-AF;;politician,manager
125706;24;11;1975;Chomutov;JURI,D-IR,IMCO,DROI,D-RS;;
197889;8;3;1962;Waterford;ENVI,DPAL,PECH,DMER;;
206158;;;;;ITRE,INTA,ENVI,SANT,DCAR,DASE;university;lawyer,politician,official,manager
226260;3;11;1986;Wolfen;TRAN,LIBE,D-CN,DASE,REGI,PETI;secondary,university;politician,manager
197610;14;3;1967;Treviso;DEVE,IMCO,D-CN,DACP,DAFR,JURI;secondary,university;lawyer
240478;1;12;1968;Firenze;CONT,ITRE,D-UK,D-CN,DPAP,ENVI;university;politician,researcher,manager
254720;12;9;1981;Coimbra;LIBE,AFCO,D-ME,DSEE,AFET,D-IN;;
197579;2;2;1972;Sofia;EMPL,D-UA,LIBE,D-RS,DEPA;;
124846;10;5;1981;S. Maria Capua Vetere (CE);LIBE,FEMM,D-IL,AFET,AGRI,CULT,PETI,D-MK;;
245858;11;9;1961;Schwäbisch Gmünd;TRAN,D-CN,ITRE,DARP;;
124867;1;1;1986;La Spezia;IMCO,DMAS,D-BR,DLAT,EMPL,JURI,AFCO,D-UK,DMAG,D-US,DMER,DMED;;
28297;19;9;1948;Łódż;AFET,AFCO,D-UA,DEPA,ITRE;;
197500;25;5;1975;Casablanca;AFET,EMPL,SEDE,DMED,DNAT,DROI,DMAG;;
197531;8;3;1977;;AFCO,FEMM,D-UK,LIBE,D-MK,D-TR,D-RS,DEEA;;
125106;24;8;1955;Mortsel;BUDG,ECON,D-CA,TRAN,FISC;university,phd;media,politician,researcher,manager
185974;26;10;1976;Caldes de Montbui;DAND,AFET,DROI,D-IL,DMAG,DMED,DLAT,ITRE,D-CN;university;
204420;13;9;1957;Rumilly;ECON,DMER,DASE,IMCO,AGRI,FISC,DEEA;;
197431;;;;;LIBE,DEEA,JURI;university,phd;lawyer
197497;8;11;1973;Tartu;DNAT,AFET,SEDE,DEPA,IMCO,PETI,D-UK,D-UA;;
204413;24;3;1974;;REGI,CULT,D-CN,ENVI,ITRE,DCAM;;
239256;8;7;1963;Montecchio Maggiore;AGRI,D-ME,DANZ,EMPL;;
197839;30;9;1975;Sofia;EMPL,PETI,D-AL,ENVI,SANT,DSCA,DEPA;;
124693;3;10;1960;Montreuil-Sous-Bois;BUDG,JURI,AFCO;university,phd;lawyer
28223;9;4;1973;;DEEA,IMCO,FISC,ECON,D-CL,DSAS,DLAT;secondary,university;
4253;14;5;1959;Balen-Wezel;ENVI,PETI,D-IL,AFET,SANT,DACP,DAFR;university;media,manager
197460;1;12;1975;Astrakhan;D-TR,JURI,DEPA,AFET,LIBE,DSCA,D-US;;
96880;3;8;1962;Napoli;REGI;;
197468;10;3;1984;Malatya;SEDE,D-TR,EMPL,AFET;;
124985;22;1;1972;Roscommon;CONT,AGRI,PECH,D-UK;;
229519;4;7;1985;Soest;INTA,D-UK,D-US,IMCO,JURI,D-JP;;
1927;20;5;1965;Meschede;ENVI,DCAM,DLAT,BUDG,SANT,DAND;university,phd;doctor
197645;12;9;1984;Santiago do Cacém;AGRI,PECH,D-JP,BUDG,IMCO,DKOR;;
98582;3;11;1977;Târgu Mureș / Marosvásárhely;AFCO,PETI,D-UK,D-IN,LIBE,D-US;secondary,university;media,politician,manager
124807;18;5;1971;Lingen;TRAN,DCAM,D-CL,DLAT,ENVI,ITRE,D-IN;;politician,researcher,manager
228286;29;12;1974;Kiel;DEVE,DSAS,DACP,DPAC,AFET,DROI,DCAR,DASE,DCAS;secondary,university;politician,teacher,manager
245018;1;9;1968;Nantes;DACP,DAFR,DEVE,DMER,ENVI,AGRI,SANT,D-RU;secondary,university,phd;politician,teacher,researcher,manager
131580;13;9;1995;Drancy;PETI,DACP,DAFR;;
197465;14;4;1992;Marl;ITRE,REGI,CULT,DCAS,AFCO,D-AF;;
197572;6;7;1965;Świebodzice;ENVI,D-US,EMPL;;
204449;17;4;1967;Kohtla-Järve;ITRE,D-UA,DEPA,AGRI,D-UK,D-US;;
204443;19;3;1957;Barcelona;ITRE,FISC,D-CA,ECON,D-US,DACP;university,phd;doctor,researcher,manager
254876;13;5;1987;Lamego;TRAN,D-ZA,PECH,D-CA,DACP,DAFR;;
125128;7;9;1957;Sofia;ITRE,DSCA,DEPA,DEVE,D-RS;university,phd;official,researcher
127096;3;3;1978;ALICANTE;D-IQ,AFCO,CULT,LIBE,PETI,DPAL,DMAS,DLAT;university;media,politician,official,consultant
197827;17;7;1980;Pamplona;DACP,DAFR,AFET,D-CN,D-IN,ENVI,DCAM,DLAT;;
125670;11;3;1973;Soresina (CR);D-IR,TRAN,ECON,ENVI,ITRE,D-TR;;
96739;26;1;1953;Mannheim;D-CN,AFET,D-US,INTA,DASE;secondary,university;media
125237;29;10;1978;Verona;FEMM,D-AL,IMCO;secondary,university;teacher,manager
28266;13;9;1963;Vollenhove;LIBE,D-CN,AFCO,D-UK;university,phd;politician,official
197784;;;;;DKOR,REGI,SANT,ENVI,ITRE,FEMM,D-US;;
124992;22;5;1972;Göteborg;ENVI,LIBE,D-BR,DLAT,AFET,DMER,D-ZA;;
197534;11;10;1985;Paris;ITRE,PECH,D-UK,DMAS,DMED,CULT,D-IQ;;
197935;28;8;1990;KARLOVAC;ENVI,D-IN,ITRE,AGRI,D-RU;;
190517;12;7;1975;Berlin;D-CA,ECON;university,phd;media,politician,researcher,manager
249443;21;4;1958;Innsbruck;REGI,CONT,EMPL,CULT,D-BR,DMER,DLAT;;
99283;15;5;1982;Domodossola;REGI,DEEA,DPAL,DMED,CULT,DEPA;;
190519;1;6;1980;Utrecht;DARP,ECON,TRAN,D-BR,D-CN;;
197514;26;11;1961;Warszawa;LIBE,DEPA,BUDG,D-MD,AFET,DLAT,DACP,DPAC;;
124872;14;9;1966;Kobenhavn;ITRE,D-TR,LIBE,D-US;university;politician,manager,consultant
197440;3;11;1992;;DSEE,ENVI,LIBE;secondary,university;manager
198183;6;3;1967;Braila;INTA,D-MD,ECON,ITRE,SEDE,FISC,D-MK;university,phd;lawyer,politician,manager
125045;3;1;1964;Granada;D-MX,AGRI,PECH,DLAT,IMCO,D-BR;secondary,university;farmer
204733;30;7;1964;;ECON,D-CA,TRAN,DACP,DPAC;;
239262;30;4;1974;Avezzano;REGI,ITRE,SANT;secondary,university;manager
129164;2;9;1984;Roeselare;DNAT,IMCO,SEDE,D-UK,D-IR,AFET,AGRI,LIBE,D-CN,D-AF;;
191693;17;12;1966;Haapajärvi;AGRI,D-RU,TRAN,D-CA;;
28219;4;4;1976;Karlsruhe;DASE,INTA,AFET,D-UA,DACP,DAFR;secondary,university;
124988;1;6;1959;Cork;IMCO,DCAM,DLAT,ENVI,DROI,SANT,DACP,DAFR;;
197510;29;4;1964;Wroclaw;EMPL,D-UA,DEPA,PETI,D-ME;;
5729;18;11;1969;Wilrijk;INTA,DMAG,DMER,TRAN,D-BR;university;researcher
125023;21;1;1968;Vlagtwedde;ENVI,PECH,AGRI,SANT,D-JP,DSAS;secondary,university,phd;politician,official,researcher
124802;20;9;1981;Hunedoara;D-MD,BUDG,ECON,DEPA,D-US;;
199941;3;12;1970;Koge;DASE,EMPL,TRAN;secondary,university;engineer
197529;5;10;1982;Dijon;EMPL,AFCO,DLAT,TRAN,D-MX;;politician,manager
23699;20;1;1981;Nový Jičín;IMCO,TRAN,SANT,DSCA,DEPA,ENVI,D-RS;university;politician,official
124808;22;12;1977;Ravensburg;AGRI,DEEA,ENVI,D-MX,DLAT;university;politician,official,teacher,manager
125030;17;2;1953;Diepenheim;AGRI,PECH,DACP,DPAC,INTA,D-RU;secondary,university;farmer
197662;14;12;1953;ATHINA;AFET,SEDE,D-US,DANZ,DNAT;;
197405;23;1;1969;Varberg;INTA,DMER,DLAT,BUDG,TRAN,D-UK,D-CN;university;manager
94649;20;8;1972;;ENVI,CULT,DACP,DPAC,DMED;;
197536;5;5;1965;Ollioules;ENVI,SANT,D-IL,DMED,LIBE,AFCO;;
197672;27;6;1981;Ismail;EMPL,DROI,D-RS,DSCA,DEPA;university,phd;media,politician,official,manager
197831;9;4;1958;Madrid;DLAT,AFET,D-MX,ENVI,D-UK,D-RU;;
124780;;;;;ECON,D-RS,AFET,BUDG;secondary,university;
239271;4;7;1975;Nicosia;DEVE,BUDG,CONT,D-MX,DLAT,ECON,FEMM,D-BY;;
125214;14;4;1955;Ignalina;D-MD,AGRI,DEPA,ITRE,REGI,D-UA,D-BY;secondary,university;engineer
197429;17;3;1963;Erfurt;JURI,D-MK,IMCO,ITRE,DSCA,DEPA;university;lawyer,official,manager
96697;3;3;1965;Vilnius;D-BY,REGI,DEPA,DEVE,DROI;university;politician,official
197498;;;;;FEMM,AFET,BUDG,EMPL,D-BY,D-CA;;
197651;8;5;1966;Viseu de Sus;DEPA,AGRI,DSCA,D-IL,EMPL,PECH;;
197434;;;;;ITRE,DASE,ENVI;;
197671;4;11;1951;Basarabi;D-UA,AFET,ENVI,SEDE,D-US,DEPA;university;
197649;22;1;1967;Brad;TRAN,PETI,DACP,DAFR,EMPL,ITRE,D-RS,DSEE;;politician,teacher,engineer,manager
197836;13;2;1952;Varna;AFET,D-MK,EMPL,AFCO,D-MD,DEPA;;
197393;12;10;1973;;AFET,DROI,D-RU,CONT,D-UA,DEPA,DACP,DPAC;;
229839;8;11;1979;Karlsruhe;D-CN,IMCO,ECON,JURI;university,phd;teacher,researcher,manager
118859;18;1;1979;St Julians;;university;lawyer,politician,official
95074;29;4;1984;Stramproy;DMAS,LIBE,D-UK,DMED,BUDG,CONT,EMPL;university;politician
197591;16;4;1974;Empoli;ECON,FISC,D-US,D-CA;;
197559;1;11;1965;Ruda Slaska;ITRE,D-CN,BUDG,ENVI,D-IN;;
