DATAFLOW,LAST UPDATE,freq,unit,nace_r2,na_item,geo,TIME_PERIOD,OBS_VALUE,OBS_FLAG
ESTAT:NAMA_10_A10_E(1.0),19/04/24 11:00:00,A,PC_TOT_PER,A,EMP_DC,AT,2023,3.0,
ESTAT:NAMA_10_A10_E(1.0),19/04/24 11:00:00,A,PC_TOT_PER,A,EMP_DC,BE,2023,1.1,p
ESTAT:NAMA_10_A10_E(1.0),19/04/24 11:00:00,A,PC_TOT_PER,A,EMP_DC,BG,2023,14.9,p
ESTAT:NAMA_10_A10_E(1.0),19/04/24 11:00:00,A,PC_TOT_PER,A,EMP_DC,CH,2023,2.4,
ESTAT:NAMA_10_A10_E(1.0),19/04/24 11:00:00,A,PC_TOT_PER,A,EMP_DC,CY,2023,3.3,p
ESTAT:NAMA_10_A10_E(1.0),19/04/24 11:00:00,A,PC_TOT_PER,A,EMP_DC,CZ,2023,2.9,
ESTAT:NAMA_10_A10_E(1.0),19/04/24 11:00:00,A,PC_TOT_PER,A,EMP_DC,DE,2023,1.2,p
ESTAT:NAMA_10_A10_E(1.0),19/04/24 11:00:00,A,PC_TOT_PER,A,EMP_DC,DK,2023,2.2,
ESTAT:NAMA_10_A10_E(1.0),19/04/24 11:00:00,A,PC_TOT_PER,A,EMP_DC,EA19,2023,2.8,
ESTAT:NAMA_10_A10_E(1.0),19/04/24 11:00:00,A,PC_TOT_PER,A,EMP_DC,EE,2023,2.6,
ESTAT:NAMA_10_A10_E(1.0),19/04/24 11:00:00,A,PC_TOT_PER,A,EMP_DC,EL,2023,10.8,p
ESTAT:NAMA_10_A10_E(1.0),19/04/24 11:00:00,A,PC_TOT_PER,A,EMP_DC,ES,2023,3.4,p
ESTAT:NAMA_10_A10_E(1.0),19/04/24 11:00:00,A,PC_TOT_PER,A,EMP_DC,EU27_2020,2023,4.1,
ESTAT:NAMA_10_A10_E(1.0),19/04/24 11:00:00,A,PC_TOT_PER,A,EMP_DC,FI,2023,3.1,
ESTAT:NAMA_10_A10_E(1.0),19/04/24 11:00:00,A,PC_TOT_PER,A,EMP_DC,FR,2023,2.4,p
ESTAT:NAMA_10_A10_E(1.0),19/04/24 11:00:00,A,PC_TOT_PER,A,EMP_DC,HU,2023,3.4,p
ESTAT:NAMA_10_A10_E(1.0),19/04/24 11:00:00,A,PC_TOT_PER,A,EMP_DC,IE,2023,4.0,
ESTAT:NAMA_10_A10_E(1.0),19/04/24 11:00:00,A,PC_TOT_PER,A,EMP_DC,IS,2023,3.0,p
ESTAT:NAMA_10_A10_E(1.0),19/04/24 11:00:00,A,PC_TOT_PER,A,EMP_DC,IT,2023,3.3,
ESTAT:NAMA_10_A10_E(1.0),19/04/24 11:00:00,A,PC_TOT_PER,A,EMP_DC,LT,2023,5.0,
ESTAT:NAMA_10_A10_E(1.0),19/04/24 11:00:00,A,PC_TOT_PER,A,EMP_DC,LU,2023,0.7,p
ESTAT:NAMA_10_A10_E(1.0),19/04/24 11:00:00,A,PC_TOT_PER,A,EMP_DC,LV,2023,7.2,
ESTAT:NAMA_10_A10_E(1.0),19/04/24 11:00:00,A,PC_TOT_PER,A,EMP_DC,MK,2023,19.1,e
ESTAT:NAMA_10_A10_E(1.0),19/04/24 11:00:00,A,PC_TOT_PER,A,EMP_DC,MT,2023,0.9,
ESTAT:NAMA_10_A10_E(1.0),19/04/24 11:00:00,A,PC_TOT_PER,A,EMP_DC,NL,2023,2.0,p
ESTAT:NAMA_10_A10_E(1.0),19/04/24 11:00:00,A,PC_TOT_PER,A,EMP_DC,NO,2023,2.4,
ESTAT:NAMA_10_A10_E(1.0),19/04/24 11:00:00,A,PC_TOT_PER,A,EMP_DC,PL,2023,8.1,p
ESTAT:NAMA_10_A10_E(1.0),19/04/24 11:00:00,A,PC_TOT_PER,A,EMP_DC,PT,2023,6.5,p
ESTAT:NAMA_10_A10_E(1.0),19/04/24 11:00:00,A,PC_TOT_PER,A,EMP_DC,RO,2023,20.9,p
ESTAT:NAMA_10_A10_E(1.0),19/04/24 11:00:00,A,PC_TOT_PER,A,EMP_DC,SE,2023,1.8,
ESTAT:NAMA_10_A10_E(1.0),19/04/24 11:00:00,A,PC_TOT_PER,A,EMP_DC,SI,2023,6.2,
ESTAT:NAMA_10_A10_E(1.0),19/04/24 11:00:00,A,PC_TOT_PER,A,EMP_DC,SK,2023,2.9,
ESTAT:NAMA_10_A10_E(1.0),19/04/24 11:00:00,A,PC_TOT_PER,B-E,EMP_DC,AT,2023,15.7,
ESTAT:NAMA_10_A10_E(1.0),19/04/24 11:00:00,A,PC_TOT_PER,B-E,EMP_DC,BE,2023,11.1,p
ESTAT:NAMA_10_A10_E(1.0),19/04/24 11:00:00,A,PC_TOT_PER,B-E,EMP_DC,BG,2023,19.0,p
ESTAT:NAMA_10_A10_E(1.0),19/04/24 11:00:00,A,PC_TOT_PER,B-E,EMP_DC,CH,2023,13.5,
ESTAT:NAMA_10_A10_E(1.0),19/04/24 11:00:00,A,PC_TOT_PER,B-E,EMP_DC,CY,2023,9.4,p
ESTAT:NAMA_10_A10_E(1.0),19/04/24 11:00:00,A,PC_TOT_PER,B-E,EMP_DC,CZ,2023,27.5,
ESTAT:NAMA_10_A10_E(1.0),19/04/24 11:00:00,A,PC_TOT_PER,B-E,EMP_DC,DE,2023,17.7,p
ESTAT:NAMA_10_A10_E(1.0),19/04/24 11:00:00,A,PC_TOT_PER,B-E,EMP_DC,DK,2023,10.6,
ESTAT:NAMA_10_A10_E(1.0),19/04/24 11:00:00,A,PC_TOT_PER,B-E,EMP_DC,EA19,2023,14.1,
ESTAT:NAMA_10_A10_E(1.0),19/04/24 11:00:00,A,PC_TOT_PER,B-E,EMP_DC,EE,2023,19.2,
ESTAT:NAMA_10_A10_E(1.0),19/04/24 11:00:00,A,PC_TOT_PER,B-E,EMP_DC,EL,2023,9.4,p
ESTAT:NAMA_10_A10_E(1.0),19/04/24 11:00:00,A,PC_TOT_PER,B-E,EMP_DC,ES,2023,10.9,p
ESTAT:NAMA_10_A10_E(1.0),19/04/24 11:00:00,A,PC_TOT_PER,B-E,EMP_DC,EU27_2020,2023,15.4,
ESTAT:NAMA_10_A10_E(1.0),19/04/24 11:00:00,A,PC_TOT_PER,B-E,EMP_DC,FI,2023,14.0,
ESTAT:NAMA_10_A10_E(1.0),19/04/24 11:00:00,A,PC_TOT_PER,B-E,EMP_DC,FR,2023,10.1,p
ESTAT:NAMA_10_A10_E(1.0),19/04/24 11:00:00,A,PC_TOT_PER,B-E,EMP_DC,HU,2023,20.3,p
ESTAT:NAMA_10_A10_E(1.0),19/04/24 11:00:00,A,PC_TOT_PER,B-E,EMP_DC,IE,2023,12.1,
ESTAT:NAMA_10_A10_E(1.0),19/04/24 11:00:00,A,PC_TOT_PER,B-E,EMP_DC,IS,2023,11.6,p
ESTAT:NAMA_10_A10_E(1.0),19/04/24 11:00:00,A,PC_TOT_PER,B-E,EMP_DC,IT,2023,16.7,
ESTAT:NAMA_10_A10_E(1.0),19/04/24 11:00:00,A,PC_TOT_PER,B-E,EMP_DC,LT,2023,17.7,
ESTAT:NAMA_10_A10_E(1.0),19/04/24 11:00:00,A,PC_TOT_PER,B-E,EMP_DC,LU,2023,7.6,p
ESTAT:NAMA_10_A10_E(1.0),19/04/24 11:00:00,A,PC_TOT_PER,B-E,EMP_DC,LV,2023,16.1,
ESTAT:NAMA_10_A10_E(1.0),19/04/24 11:00:00,A,PC_TOT_PER,B-E,EMP_DC,MK,2023,21.1,e
ESTAT:NAMA_10_A10_E(1.0),19/04/24 11:00:00,A,PC_TOT_PER,B-E,EMP_DC,MT,2023,9.3,
ESTAT:NAMA_10_A10_E(1.0),19/04/24 11:00:00,A,PC_TOT_PER,B-E,EMP_DC,NL,2023,8.8,p
ESTAT:NAMA_10_A10_E(1.0),19/04/24 11:00:00,A,PC_TOT_PER,B-E,EMP_DC,NO,2023,11.0,
ESTAT:NAMA_10_A10_E(1.0),19/04/24 11:00:00,A,PC_TOT_PER,B-E,EMP_DC,PL,2023,21.6,p
ESTAT:NAMA_10_A10_E(1.0),19/04/24 11:00:00,A,PC_TOT_PER,B-E,EMP_DC,PT,2023,16.3,p
ESTAT:NAMA_10_A10_E(1.0),19/04/24 11:00:00,A,PC_TOT_PER,B-E,EMP_DC,RO,2023,20.4,p
ESTAT:NAMA_10_A10_E(1.0),19/04/24 11:00:00,A,PC_TOT_PER,B-E,EMP_DC,SE,2023,12.1,
ESTAT:NAMA_10_A10_E(1.0),19/04/24 11:00:00,A,PC_TOT_PER,B-E,EMP_DC,SI,2023,22.6,
ESTAT:NAMA_10_A10_E(1.0),19/04/24 11:00:00,A,PC_TOT_PER,B-E,EMP_DC,SK,2023,23.1,
ESTAT:NAMA_10_A10_E(1.0),19/04/24 11:00:00,A,PC_TOT_PER,C,EMP_DC,AT,2023,14.4,
ESTAT:NAMA_10_A10_E(1.0),19/04/24 11:00:00,A,PC_TOT_PER,C,EMP_DC,BE,2023,10.0,p
ESTAT:NAMA_10_A10_E(1.0),19/04/24 11:00:00,A,PC_TOT_PER,C,EMP_DC,BG,2023,16.5,p
ESTAT:NAMA_10_A10_E(1.0),19/04/24 11:00:00,A,PC_TOT_PER,C,EMP_DC,CH,2023,12.4,
ESTAT:NAMA_10_A10_E(1.0),19/04/24 11:00:00,A,PC_TOT_PER,C,EMP_DC,CY,2023,8.1,p
ESTAT:NAMA_10_A10_E(1.0),19/04/24 11:00:00,A,PC_TOT_PER,C,EMP_DC,CZ,2023,25.2,
ESTAT:NAMA_10_A10_E(1.0),19/04/24 11:00:00,A,PC_TOT_PER,C,EMP_DC,DE,2023,16.3,p
ESTAT:NAMA_10_A10_E(1.0),19/04/24 11:00:00,A,PC_TOT_PER,C,EMP_DC,DK,2023,9.7,
ESTAT:NAMA_10_A10_E(1.0),19/04/24 11:00:00,A,PC_TOT_PER,C,EMP_DC,EA19,2023,12.8,
ESTAT:NAMA_10_A10_E(1.0),19/04/24 11:00:00,A,PC_TOT_PER,C,EMP_DC,EE,2023,17.3,
ESTAT:NAMA_10_A10_E(1.0),19/04/24 11:00:00,A,PC_TOT_PER,C,EMP_DC,EL,2023,7.9,p
ESTAT:NAMA_10_A10_E(1.0),19/04/24 11:00:00,A,PC_TOT_PER,C,EMP_DC,ES,2023,9.6,p
ESTAT:NAMA_10_A10_E(1.0),19/04/24 11:00:00,A,PC_TOT_PER,C,EMP_DC,EU27_2020,2023,13.9,
ESTAT:NAMA_10_A10_E(1.0),19/04/24 11:00:00,A,PC_TOT_PER,C,EMP_DC,FI,2023,12.7,
ESTAT:NAMA_10_A10_E(1.0),19/04/24 11:00:00,A,PC_TOT_PER,C,EMP_DC,FR,2023,9.0,p
ESTAT:NAMA_10_A10_E(1.0),19/04/24 11:00:00,A,PC_TOT_PER,C,EMP_DC,HU,2023,18.4,p
ESTAT:NAMA_10_A10_E(1.0),19/04/24 11:00:00,A,PC_TOT_PER,C,EMP_DC,IE,2023,10.8,
ESTAT:NAMA_10_A10_E(1.0),19/04/24 11:00:00,A,PC_TOT_PER,C,EMP_DC,IS,2023,10.2,p
ESTAT:NAMA_10_A10_E(1.0),19/04/24 11:00:00,A,PC_TOT_PER,C,EMP_DC,IT,2023,15.3,
ESTAT:NAMA_10_A10_E(1.0),19/04/24 11:00:00,A,PC_TOT_PER,C,EMP_DC,LT,2023,15.7,
ESTAT:NAMA_10_A10_E(1.0),19/04/24 11:00:00,A,PC_TOT_PER,C,EMP_DC,LU,2023,6.5,p
ESTAT:NAMA_10_A10_E(1.0),19/04/24 11:00:00,A,PC_TOT_PER,C,EMP_DC,LV,2023,13.9,
ESTAT:NAMA_10_A10_E(1.0),19/04/24 11:00:00,A,PC_TOT_PER,C,EMP_DC,MK,2023,16.7,e
ESTAT:NAMA_10_A10_E(1.0),19/04/24 11:00:00,A,PC_TOT_PER,C,EMP_DC,MT,2023,8.4,
ESTAT:NAMA_10_A10_E(1.0),19/04/24 11:00:00,A,PC_TOT_PER,C,EMP_DC,NL,2023,8.0,p
ESTAT:NAMA_10_A10_E(1.0),19/04/24 11:00:00,A,PC_TOT_PER,C,EMP_DC,NO,2023,7.5,
ESTAT:NAMA_10_A10_E(1.0),19/04/24 11:00:00,A,PC_TOT_PER,C,EMP_DC,PL,2023,18.6,p
ESTAT:NAMA_10_A10_E(1.0),19/04/24 11:00:00,A,PC_TOT_PER,C,EMP_DC,PT,2023,14.9,p
ESTAT:NAMA_10_A10_E(1.0),19/04/24 11:00:00,A,PC_TOT_PER,C,EMP_DC,RO,2023,17.6,p
ESTAT:NAMA_10_A10_E(1.0),19/04/24 11:00:00,A,PC_TOT_PER,C,EMP_DC,SE,2023,10.6,
ESTAT:NAMA_10_A10_E(1.0),19/04/24 11:00:00,A,PC_TOT_PER,C,EMP_DC,SI,2023,20.6,
ESTAT:NAMA_10_A10_E(1.0),19/04/24 11:00:00,A,PC_TOT_PER,C,EMP_DC,SK,2023,21.1,
ESTAT:NAMA_10_A10_E(1.0),19/04/24 11:00:00,A,PC_TOT_PER,F,EMP_DC,AT,2023,7.0,
ESTAT:NAMA_10_A10_E(1.0),19/04/24 11:00:00,A,PC_TOT_PER,F,EMP_DC,BE,2023,6.0,p
ESTAT:NAMA_10_A10_E(1.0),19/04/24 11:00:00,A,PC_TOT_PER,F,EMP_DC,BG,2023,5.6,p
ESTAT:NAMA_10_A10_E(1.0),19/04/24 11:00:00,A,PC_TOT_PER,F,EMP_DC,CH,2023,6.7,
ESTAT:NAMA_10_A10_E(1.0),19/04/24 11:00:00,A,PC_TOT_PER,F,EMP_DC,CY,2023,8.8,p
ESTAT:NAMA_10_A10_E(1.0),19/04/24 11:00:00,A,PC_TOT_PER,F,EMP_DC,CZ,2023,7.8,
ESTAT:NAMA_10_A10_E(1.0),19/04/24 11:00:00,A,PC_TOT_PER,F,EMP_DC,DE,2023,5.8,p
ESTAT:NAMA_10_A10_E(1.0),19/04/24 11:00:00,A,PC_TOT_PER,F,EMP_DC,DK,2023,6.6,
ESTAT:NAMA_10_A10_E(1.0),19/04/24 11:00:00,A,PC_TOT_PER,F,EMP_DC,EA19,2023,6.4,
ESTAT:NAMA_10_A10_E(1.0),19/04/24 11:00:00,A,PC_TOT_PER,F,EMP_DC,EE,2023,7.6,
ESTAT:NAMA_10_A10_E(1.0),19/04/24 11:00:00,A,PC_TOT_PER,F,EMP_DC,EL,2023,4.4,p
ESTAT:NAMA_10_A10_E(1.0),19/04/24 11:00:00,A,PC_TOT_PER,F,EMP_DC,ES,2023,6.6,p
ESTAT:NAMA_10_A10_E(1.0),19/04/24 11:00:00,A,PC_TOT_PER,F,EMP_DC,EU27_2020,2023,6.7,
ESTAT:NAMA_10_A10_E(1.0),19/04/24 11:00:00,A,PC_TOT_PER,F,EMP_DC,FI,2023,7.4,
ESTAT:NAMA_10_A10_E(1.0),19/04/24 11:00:00,A,PC_TOT_PER,F,EMP_DC,FR,2023,6.5,p
ESTAT:NAMA_10_A10_E(1.0),19/04/24 11:00:00,A,PC_TOT_PER,F,EMP_DC,HU,2023,8.5,p
ESTAT:NAMA_10_A10_E(1.0),19/04/24 11:00:00,A,PC_TOT_PER,F,EMP_DC,IE,2023,6.2,
ESTAT:NAMA_10_A10_E(1.0),19/04/24 11:00:00,A,PC_TOT_PER,F,EMP_DC,IS,2023,8.1,p
ESTAT:NAMA_10_A10_E(1.0),19/04/24 11:00:00,A,PC_TOT_PER,F,EMP_DC,IT,2023,6.8,
ESTAT:NAMA_10_A10_E(1.0),19/04/24 11:00:00,A,PC_TOT_PER,F,EMP_DC,LT,2023,8.2,
ESTAT:NAMA_10_A10_E(1.0),19/04/24 11:00:00,A,PC_TOT_PER,F,EMP_DC,LU,2023,10.1,p
ESTAT:NAMA_10_A10_E(1.0),19/04/24 11:00:00,A,PC_TOT_PER,F,EMP_DC,LV,2023,7.4,
ESTAT:NAMA_10_A10_E(1.0),19/04/24 11:00:00,A,PC_TOT_PER,F,EMP_DC,MK,2023,7.1,e
ESTAT:NAMA_10_A10_E(1.0),19/04/24 11:00:00,A,PC_TOT_PER,F,EMP_DC,MT,2023,6.2,
ESTAT:NAMA_10_A10_E(1.0),19/04/24 11:00:00,A,PC_TOT_PER,F,EMP_DC,NL,2023,5.7,p
ESTAT:NAMA_10_A10_E(1.0),19/04/24 11:00:00,A,PC_TOT_PER,F,EMP_DC,NO,2023,8.8,
ESTAT:NAMA_10_A10_E(1.0),19/04/24 11:00:00,A,PC_TOT_PER,F,EMP_DC,PL,2023,7.2,p
ESTAT:NAMA_10_A10_E(1.0),19/04/24 11:00:00,A,PC_TOT_PER,F,EMP_DC,PT,2023,7.1,p
ESTAT:NAMA_10_A10_E(1.0),19/04/24 11:00:00,A,PC_TOT_PER,F,EMP_DC,RO,2023,9.3,p
ESTAT:NAMA_10_A10_E(1.0),19/04/24 11:00:00,A,PC_TOT_PER,F,EMP_DC,SE,2023,7.5,
ESTAT:NAMA_10_A10_E(1.0),19/04/24 11:00:00,A,PC_TOT_PER,F,EMP_DC,SI,2023,7.9,
ESTAT:NAMA_10_A10_E(1.0),19/04/24 11:00:00,A,PC_TOT_PER,F,EMP_DC,SK,2023,7.8,
ESTAT:NAMA_10_A10_E(1.0),19/04/24 11:00:00,A,PC_TOT_PER,G-I,EMP_DC,AT,2023,26.2,
ESTAT:NAMA_10_A10_E(1.0),19/04/24 11:00:00,A,PC_TOT_PER,G-I,EMP_DC,BE,2023,20.3,p
ESTAT:NAMA_10_A10_E(1.0),19/04/24 11:00:00,A,PC_TOT_PER,G-I,EMP_DC,BG,2023,25.3,p
ESTAT:NAMA_10_A10_E(1.0),19/04/24 11:00:00,A,PC_TOT_PER,G-I,EMP_DC,CH,2023,20.6,
ESTAT:NAMA_10_A10_E(1.0),19/04/24 11:00:00,A,PC_TOT_PER,G-I,EMP_DC,CY,2023,30.8,p
ESTAT:NAMA_10_A10_E(1.0),19/04/24 11:00:00,A,PC_TOT_PER,G-I,EMP_DC,CZ,2023,23.1,
ESTAT:NAMA_10_A10_E(1.0),19/04/24 11:00:00,A,PC_TOT_PER,G-I,EMP_DC,DE,2023,22.1,p
ESTAT:NAMA_10_A10_E(1.0),19/04/24 11:00:00,A,PC_TOT_PER,G-I,EMP_DC,DK,2023,25.6,
ESTAT:NAMA_10_A10_E(1.0),19/04/24 11:00:00,A,PC_TOT_PER,G-I,EMP_DC,EA19,2023,24.5,
ESTAT:NAMA_10_A10_E(1.0),19/04/24 11:00:00,A,PC_TOT_PER,G-I,EMP_DC,EE,2023,23.3,
ESTAT:NAMA_10_A10_E(1.0),19/04/24 11:00:00,A,PC_TOT_PER,G-I,EMP_DC,EL,2023,35.1,p
ESTAT:NAMA_10_A10_E(1.0),19/04/24 11:00:00,A,PC_TOT_PER,G-I,EMP_DC,ES,2023,28.7,p
ESTAT:NAMA_10_A10_E(1.0),19/04/24 11:00:00,A,PC_TOT_PER,G-I,EMP_DC,EU27_2020,2023,24.2,
ESTAT:NAMA_10_A10_E(1.0),19/04/24 11:00:00,A,PC_TOT_PER,G-I,EMP_DC,FI,2023,19.0,
ESTAT:NAMA_10_A10_E(1.0),19/04/24 11:00:00,A,PC_TOT_PER,G-I,EMP_DC,FR,2023,23.2,p
ESTAT:NAMA_10_A10_E(1.0),19/04/24 11:00:00,A,PC_TOT_PER,G-I,EMP_DC,HU,2023,23.3,p
ESTAT:NAMA_10_A10_E(1.0),19/04/24 11:00:00,A,PC_TOT_PER,G-I,EMP_DC,IE,2023,23.5,
ESTAT:NAMA_10_A10_E(1.0),19/04/24 11:00:00,A,PC_TOT_PER,G-I,EMP_DC,IS,2023,25.4,p
ESTAT:NAMA_10_A10_E(1.0),19/04/24 11:00:00,A,PC_TOT_PER,G-I,EMP_DC,IT,2023,25.5,
ESTAT:NAMA_10_A10_E(1.0),19/04/24 11:00:00,A,PC_TOT_PER,G-I,EMP_DC,LT,2023,25.0,
ESTAT:NAMA_10_A10_E(1.0),19/04/24 11:00:00,A,PC_TOT_PER,G-I,EMP_DC,LU,2023,21.6,p
ESTAT:NAMA_10_A10_E(1.0),19/04/24 11:00:00,A,PC_TOT_PER,G-I,EMP_DC,LV,2023,26.5,
ESTAT:NAMA_10_A10_E(1.0),19/04/24 11:00:00,A,PC_TOT_PER,G-I,EMP_DC,MK,2023,21.1,e
ESTAT:NAMA_10_A10_E(1.0),19/04/24 11:00:00,A,PC_TOT_PER,G-I,EMP_DC,MT,2023,26.4,
ESTAT:NAMA_10_A10_E(1.0),19/04/24 11:00:00,A,PC_TOT_PER,G-I,EMP_DC,NL,2023,24.3,p
ESTAT:NAMA_10_A10_E(1.0),19/04/24 11:00:00,A,PC_TOT_PER,G-I,EMP_DC,NO,2023,21.3,
ESTAT:NAMA_10_A10_E(1.0),19/04/24 11:00:00,A,PC_TOT_PER,G-I,EMP_DC,PL,2023,22.4,p
ESTAT:NAMA_10_A10_E(1.0),19/04/24 11:00:00,A,PC_TOT_PER,G-I,EMP_DC,PT,2023,26.1,p
ESTAT:NAMA_10_A10_E(1.0),19/04/24 11:00:00,A,PC_TOT_PER,G-I,EMP_DC,RO,2023,24.9,p
ESTAT:NAMA_10_A10_E(1.0),19/04/24 11:00:00,A,PC_TOT_PER,G-I,EMP_DC,SE,2023,19.3,
ESTAT:NAMA_10_A10_E(1.0),19/04/24 11:00:00,A,PC_TOT_PER,G-I,EMP_DC,SI,2023,21.1,
ESTAT:NAMA_10_A10_E(1.0),19/04/24 11:00:00,A,PC_TOT_PER,G-I,EMP_DC,SK,2023,25.1,
ESTAT:NAMA_10_A10_E(1.0),19/04/24 11:00:00,A,PC_TOT_PER,J,EMP_DC,AT,2023,3.2,
ESTAT:NAMA_10_A10_E(1.0),19/04/24 11:00:00,A,PC_TOT_PER,J,EMP_DC,BE,2023,2.8,p
ESTAT:NAMA_10_A10_E(1.0),19/04/24 11:00:00,A,PC_TOT_PER,J,EMP_DC,BG,2023,4.0,p
ESTAT:NAMA_10_A10_E(1.0),19/04/24 11:00:00,A,PC_TOT_PER,J,EMP_DC,CH,2023,3.5,
ESTAT:NAMA_10_A10_E(1.0),19/04/24 11:00:00,A,PC_TOT_PER,J,EMP_DC,CY,2023,3.6,p
ESTAT:NAMA_10_A10_E(1.0),19/04/24 11:00:00,A,PC_TOT_PER,J,EMP_DC,CZ,2023,3.4,
ESTAT:NAMA_10_A10_E(1.0),19/04/24 11:00:00,A,PC_TOT_PER,J,EMP_DC,DE,2023,3.4,p
ESTAT:NAMA_10_A10_E(1.0),19/04/24 11:00:00,A,PC_TOT_PER,J,EMP_DC,DK,2023,3.9,
ESTAT:NAMA_10_A10_E(1.0),19/04/24 11:00:00,A,PC_TOT_PER,J,EMP_DC,EA19,2023,3.3,
ESTAT:NAMA_10_A10_E(1.0),19/04/24 11:00:00,A,PC_TOT_PER,J,EMP_DC,EE,2023,5.3,
ESTAT:NAMA_10_A10_E(1.0),19/04/24 11:00:00,A,PC_TOT_PER,J,EMP_DC,EL,2023,2.2,p
ESTAT:NAMA_10_A10_E(1.0),19/04/24 11:00:00,A,PC_TOT_PER,J,EMP_DC,ES,2023,3.0,p
ESTAT:NAMA_10_A10_E(1.0),19/04/24 11:00:00,A,PC_TOT_PER,J,EMP_DC,EU27_2020,2023,3.3,
ESTAT:NAMA_10_A10_E(1.0),19/04/24 11:00:00,A,PC_TOT_PER,J,EMP_DC,FI,2023,4.7,
ESTAT:NAMA_10_A10_E(1.0),19/04/24 11:00:00,A,PC_TOT_PER,J,EMP_DC,FR,2023,3.5,p
ESTAT:NAMA_10_A10_E(1.0),19/04/24 11:00:00,A,PC_TOT_PER,J,EMP_DC,HU,2023,3.9,p
ESTAT:NAMA_10_A10_E(1.0),19/04/24 11:00:00,A,PC_TOT_PER,J,EMP_DC,IE,2023,6.5,
ESTAT:NAMA_10_A10_E(1.0),19/04/24 11:00:00,A,PC_TOT_PER,J,EMP_DC,IS,2023,4.1,p
ESTAT:NAMA_10_A10_E(1.0),19/04/24 11:00:00,A,PC_TOT_PER,J,EMP_DC,IT,2023,2.7,
ESTAT:NAMA_10_A10_E(1.0),19/04/24 11:00:00,A,PC_TOT_PER,J,EMP_DC,LT,2023,4.3,
ESTAT:NAMA_10_A10_E(1.0),19/04/24 11:00:00,A,PC_TOT_PER,J,EMP_DC,LU,2023,4.3,p
ESTAT:NAMA_10_A10_E(1.0),19/04/24 11:00:00,A,PC_TOT_PER,J,EMP_DC,LV,2023,4.8,
ESTAT:NAMA_10_A10_E(1.0),19/04/24 11:00:00,A,PC_TOT_PER,J,EMP_DC,MK,2023,2.6,e
ESTAT:NAMA_10_A10_E(1.0),19/04/24 11:00:00,A,PC_TOT_PER,J,EMP_DC,MT,2023,4.5,
ESTAT:NAMA_10_A10_E(1.0),19/04/24 11:00:00,A,PC_TOT_PER,J,EMP_DC,NL,2023,3.7,p
ESTAT:NAMA_10_A10_E(1.0),19/04/24 11:00:00,A,PC_TOT_PER,J,EMP_DC,NO,2023,3.9,
ESTAT:NAMA_10_A10_E(1.0),19/04/24 11:00:00,A,PC_TOT_PER,J,EMP_DC,PL,2023,3.8,p
ESTAT:NAMA_10_A10_E(1.0),19/04/24 11:00:00,A,PC_TOT_PER,J,EMP_DC,PT,2023,2.8,p
ESTAT:NAMA_10_A10_E(1.0),19/04/24 11:00:00,A,PC_TOT_PER,J,EMP_DC,RO,2023,2.2,p
ESTAT:NAMA_10_A10_E(1.0),19/04/24 11:00:00,A,PC_TOT_PER,J,EMP_DC,SE,2023,4.4,
ESTAT:NAMA_10_A10_E(1.0),19/04/24 11:00:00,A,PC_TOT_PER,J,EMP_DC,SI,2023,3.5,
ESTAT:NAMA_10_A10_E(1.0),19/04/24 11:00:00,A,PC_TOT_PER,J,EMP_DC,SK,2023,3.3,
ESTAT:NAMA_10_A10_E(1.0),19/04/24 11:00:00,A,PC_TOT_PER,K,EMP_DC,AT,2023,2.7,
ESTAT:NAMA_10_A10_E(1.0),19/04/24 11:00:00,A,PC_TOT_PER,K,EMP_DC,BE,2023,2.2,p
ESTAT:NAMA_10_A10_E(1.0),19/04/24 11:00:00,A,PC_TOT_PER,K,EMP_DC,BG,2023,2.0,p
ESTAT:NAMA_10_A10_E(1.0),19/04/24 11:00:00,A,PC_TOT_PER,K,EMP_DC,CH,2023,4.4,
ESTAT:NAMA_10_A10_E(1.0),19/04/24 11:00:00,A,PC_TOT_PER,K,EMP_DC,CY,2023,4.1,p
ESTAT:NAMA_10_A10_E(1.0),19/04/24 11:00:00,A,PC_TOT_PER,K,EMP_DC,CZ,2023,1.5,
ESTAT:NAMA_10_A10_E(1.0),19/04/24 11:00:00,A,PC_TOT_PER,K,EMP_DC,DE,2023,2.3,p
ESTAT:NAMA_10_A10_E(1.0),19/04/24 11:00:00,A,PC_TOT_PER,K,EMP_DC,DK,2023,2.4,
ESTAT:NAMA_10_A10_E(1.0),19/04/24 11:00:00,A,PC_TOT_PER,K,EMP_DC,EA19,2023,2.3,
ESTAT:NAMA_10_A10_E(1.0),19/04/24 11:00:00,A,PC_TOT_PER,K,EMP_DC,EE,2023,2.6,
ESTAT:NAMA_10_A10_E(1.0),19/04/24 11:00:00,A,PC_TOT_PER,K,EMP_DC,EL,2023,1.8,p
ESTAT:NAMA_10_A10_E(1.0),19/04/24 11:00:00,A,PC_TOT_PER,K,EMP_DC,ES,2023,1.6,p
ESTAT:NAMA_10_A10_E(1.0),19/04/24 11:00:00,A,PC_TOT_PER,K,EMP_DC,EU27_2020,2023,2.3,
ESTAT:NAMA_10_A10_E(1.0),19/04/24 11:00:00,A,PC_TOT_PER,K,EMP_DC,FI,2023,1.7,
ESTAT:NAMA_10_A10_E(1.0),19/04/24 11:00:00,A,PC_TOT_PER,K,EMP_DC,FR,2023,2.8,p
ESTAT:NAMA_10_A10_E(1.0),19/04/24 11:00:00,A,PC_TOT_PER,K,EMP_DC,HU,2023,1.8,p
ESTAT:NAMA_10_A10_E(1.0),19/04/24 11:00:00,A,PC_TOT_PER,K,EMP_DC,IE,2023,4.7,
ESTAT:NAMA_10_A10_E(1.0),19/04/24 11:00:00,A,PC_TOT_PER,K,EMP_DC,IS,2023,2.5,p
ESTAT:NAMA_10_A10_E(1.0),19/04/24 11:00:00,A,PC_TOT_PER,K,EMP_DC,IT,2023,2.4,
ESTAT:NAMA_10_A10_E(1.0),19/04/24 11:00:00,A,PC_TOT_PER,K,EMP_DC,LT,2023,2.0,
ESTAT:NAMA_10_A10_E(1.0),19/04/24 11:00:00,A,PC_TOT_PER,K,EMP_DC,LU,2023,10.7,p
ESTAT:NAMA_10_A10_E(1.0),19/04/24 11:00:00,A,PC_TOT_PER,K,EMP_DC,LV,2023,1.7,
ESTAT:NAMA_10_A10_E(1.0),19/04/24 11:00:00,A,PC_TOT_PER,K,EMP_DC,MK,2023,1.5,e
ESTAT:NAMA_10_A10_E(1.0),19/04/24 11:00:00,A,PC_TOT_PER,K,EMP_DC,MT,2023,5.0,
ESTAT:NAMA_10_A10_E(1.0),19/04/24 11:00:00,A,PC_TOT_PER,K,EMP_DC,NL,2023,2.2,p
ESTAT:NAMA_10_A10_E(1.0),19/04/24 11:00:00,A,PC_TOT_PER,K,EMP_DC,NO,2023,1.7,
ESTAT:NAMA_10_A10_E(1.0),19/04/24 11:00:00,A,PC_TOT_PER,K,EMP_DC,PL,2023,2.6,p
ESTAT:NAMA_10_A10_E(1.0),19/04/24 11:00:00,A,PC_TOT_PER,K,EMP_DC,PT,2023,1.7,p
ESTAT:NAMA_10_A10_E(1.0),19/04/24 11:00:00,A,PC_TOT_PER,K,EMP_DC,RO,2023,1.2,p
ESTAT:NAMA_10_A10_E(1.0),19/04/24 11:00:00,A,PC_TOT_PER,K,EMP_DC,SE,2023,2.1,
ESTAT:NAMA_10_A10_E(1.0),19/04/24 11:00:00,A,PC_TOT_PER,K,EMP_DC,SI,2023,1.8,
ESTAT:NAMA_10_A10_E(1.0),19/04/24 11:00:00,A,PC_TOT_PER,K,EMP_DC,SK,2023,1.8,
ESTAT:NAMA_10_A10_E(1.0),19/04/24 11:00:00,A,PC_TOT_PER,L,EMP_DC,AT,2023,1.5,
ESTAT:NAMA_10_A10_E(1.0),19/04/24 11:00:00,A,PC_TOT_PER,L,EMP_DC,BE,2023,0.6,p
ESTAT:NAMA_10_A10_E(1.0),19/04/24 11:00:00,A,PC_TOT_PER,L,EMP_DC,BG,2023,0.8,p
ESTAT:NAMA_10_A10_E(1.0),19/04/24 11:00:00,A,PC_TOT_PER,L,EMP_DC,CH,2023,1.3,
ESTAT:NAMA_10_A10_E(1.0),19/04/24 11:00:00,A,PC_TOT_PER,L,EMP_DC,CY,2023,0.7,p
ESTAT:NAMA_10_A10_E(1.0),19/04/24 11:00:00,A,PC_TOT_PER,L,EMP_DC,CZ,2023,1.9,
ESTAT:NAMA_10_A10_E(1.0),19/04/24 11:00:00,A,PC_TOT_PER,L,EMP_DC,DE,2023,1.0,p
ESTAT:NAMA_10_A10_E(1.0),19/04/24 11:00:00,A,PC_TOT_PER,L,EMP_DC,DK,2023,1.6,
ESTAT:NAMA_10_A10_E(1.0),19/04/24 11:00:00,A,PC_TOT_PER,L,EMP_DC,EA19,2023,1.0,
ESTAT:NAMA_10_A10_E(1.0),19/04/24 11:00:00,A,PC_TOT_PER,L,EMP_DC,EE,2023,2.0,
ESTAT:NAMA_10_A10_E(1.0),19/04/24 11:00:00,A,PC_TOT_PER,L,EMP_DC,EL,2023,0.6,p
ESTAT:NAMA_10_A10_E(1.0),19/04/24 11:00:00,A,PC_TOT_PER,L,EMP_DC,ES,2023,1.2,p
ESTAT:NAMA_10_A10_E(1.0),19/04/24 11:00:00,A,PC_TOT_PER,L,EMP_DC,EU27_2020,2023,1.1,
ESTAT:NAMA_10_A10_E(1.0),19/04/24 11:00:00,A,PC_TOT_PER,L,EMP_DC,FI,2023,1.0,
ESTAT:NAMA_10_A10_E(1.0),19/04/24 11:00:00,A,PC_TOT_PER,L,EMP_DC,FR,2023,1.4,p
ESTAT:NAMA_10_A10_E(1.0),19/04/24 11:00:00,A,PC_TOT_PER,L,EMP_DC,HU,2023,1.7,p
ESTAT:NAMA_10_A10_E(1.0),19/04/24 11:00:00,A,PC_TOT_PER,L,EMP_DC,IE,2023,0.4,
ESTAT:NAMA_10_A10_E(1.0),19/04/24 11:00:00,A,PC_TOT_PER,L,EMP_DC,IS,2023,0.9,p
ESTAT:NAMA_10_A10_E(1.0),19/04/24 11:00:00,A,PC_TOT_PER,L,EMP_DC,IT,2023,0.7,
ESTAT:NAMA_10_A10_E(1.0),19/04/24 11:00:00,A,PC_TOT_PER,L,EMP_DC,LT,2023,1.0,
ESTAT:NAMA_10_A10_E(1.0),19/04/24 11:00:00,A,PC_TOT_PER,L,EMP_DC,LU,2023,1.1,p
ESTAT:NAMA_10_A10_E(1.0),19/04/24 11:00:00,A,PC_TOT_PER,L,EMP_DC,LV,2023,2.4,
ESTAT:NAMA_10_A10_E(1.0),19/04/24 11:00:00,A,PC_TOT_PER,L,EMP_DC,MK,2023,0.4,e
ESTAT:NAMA_10_A10_E(1.0),19/04/24 11:00:00,A,PC_TOT_PER,L,EMP_DC,MT,2023,1.3,
ESTAT:NAMA_10_A10_E(1.0),19/04/24 11:00:00,A,PC_TOT_PER,L,EMP_DC,NL,2023,0.8,p
ESTAT:NAMA_10_A10_E(1.0),19/04/24 11:00:00,A,PC_TOT_PER,L,EMP_DC,NO,2023,1.1,
ESTAT:NAMA_10_A10_E(1.0),19/04/24 11:00:00,A,PC_TOT_PER,L,EMP_DC,PL,2023,0.9,p
ESTAT:NAMA_10_A10_E(1.0),19/04/24 11:00:00,A,PC_TOT_PER,L,EMP_DC,PT,2023,0.9,p
ESTAT:NAMA_10_A10_E(1.0),19/04/24 11:00:00,A,PC_TOT_PER,L,EMP_DC,RO,2023,0.4,p
ESTAT:NAMA_10_A10_E(1.0),19/04/24 11:00:00,A,PC_TOT_PER,L,EMP_DC,SE,2023,1.7,
ESTAT:NAMA_10_A10_E(1.0),19/04/24 11:00:00,A,PC_TOT_PER,L,EMP_DC,SI,2023,0.7,
ESTAT:NAMA_10_A10_E(1.0),19/04/24 11:00:00,A,PC_TOT_PER,L,EMP_DC,SK,2023,1.2,
ESTAT:NAMA_10_A10_E(1.0),19/04/24 11:00:00,A,PC_TOT_PER,M_N,EMP_DC,AT,2023,12.5,
ESTAT:NAMA_10_A10_E(1.0),19/04/24 11:00:00,A,PC_TOT_PER,M_N,EMP_DC,BE,2023,20.5,p
ESTAT:NAMA_10_A10_E(1.0),19/04/24 11:00:00,A,PC_TOT_PER,M_N,EMP_DC,BG,2023,7.3,p
ESTAT:NAMA_10_A10_E(1.0),19/04/24 11:00:00,A,PC_TOT_PER,M_N,EMP_DC,CH,2023,15.4,
ESTAT:NAMA_10_A10_E(1.0),19/04/24 11:00:00,A,PC_TOT_PER,M_N,EMP_DC,CY,2023,10.7,p
ESTAT:NAMA_10_A10_E(1.0),19/04/24 11:00:00,A,PC_TOT_PER,M_N,EMP_DC,CZ,2023,8.7,
ESTAT:NAMA_10_A10_E(1.0),19/04/24 11:00:00,A,PC_TOT_PER,M_N,EMP_DC,DE,2023,13.7,p
ESTAT:NAMA_10_A10_E(1.0),19/04/24 11:00:00,A,PC_TOT_PER,M_N,EMP_DC,DK,2023,11.4,
ESTAT:NAMA_10_A10_E(1.0),19/04/24 11:00:00,A,PC_TOT_PER,M_N,EMP_DC,EA19,2023,14.2,
ESTAT:NAMA_10_A10_E(1.0),19/04/24 11:00:00,A,PC_TOT_PER,M_N,EMP_DC,EE,2023,8.4,
ESTAT:NAMA_10_A10_E(1.0),19/04/24 11:00:00,A,PC_TOT_PER,M_N,EMP_DC,EL,2023,9.0,p
ESTAT:NAMA_10_A10_E(1.0),19/04/24 11:00:00,A,PC_TOT_PER,M_N,EMP_DC,ES,2023,12.7,p
ESTAT:NAMA_10_A10_E(1.0),19/04/24 11:00:00,A,PC_TOT_PER,M_N,EMP_DC,EU27_2020,2023,12.9,
ESTAT:NAMA_10_A10_E(1.0),19/04/24 11:00:00,A,PC_TOT_PER,M_N,EMP_DC,FI,2023,13.9,
ESTAT:NAMA_10_A10_E(1.0),19/04/24 11:00:00,A,PC_TOT_PER,M_N,EMP_DC,FR,2023,16.3,p
ESTAT:NAMA_10_A10_E(1.0),19/04/24 11:00:00,A,PC_TOT_PER,M_N,EMP_DC,HU,2023,12.0,p
ESTAT:NAMA_10_A10_E(1.0),19/04/24 11:00:00,A,PC_TOT_PER,M_N,EMP_DC,IE,2023,10.8,
ESTAT:NAMA_10_A10_E(1.0),19/04/24 11:00:00,A,PC_TOT_PER,M_N,EMP_DC,IS,2023,9.4,p
ESTAT:NAMA_10_A10_E(1.0),19/04/24 11:00:00,A,PC_TOT_PER,M_N,EMP_DC,IT,2023,13.1,
ESTAT:NAMA_10_A10_E(1.0),19/04/24 11:00:00,A,PC_TOT_PER,M_N,EMP_DC,LT,2023,9.9,
ESTAT:NAMA_10_A10_E(1.0),19/04/24 11:00:00,A,PC_TOT_PER,M_N,EMP_DC,LU,2023,17.8,p
ESTAT:NAMA_10_A10_E(1.0),19/04/24 11:00:00,A,PC_TOT_PER,M_N,EMP_DC,LV,2023,8.3,
ESTAT:NAMA_10_A10_E(1.0),19/04/24 11:00:00,A,PC_TOT_PER,M_N,EMP_DC,MK,2023,6.6,e
ESTAT:NAMA_10_A10_E(1.0),19/04/24 11:00:00,A,PC_TOT_PER,M_N,EMP_DC,MT,2023,17.9,
ESTAT:NAMA_10_A10_E(1.0),19/04/24 11:00:00,A,PC_TOT_PER,M_N,EMP_DC,NL,2023,20.7,p
ESTAT:NAMA_10_A10_E(1.0),19/04/24 11:00:00,A,PC_TOT_PER,M_N,EMP_DC,NO,2023,10.2,
ESTAT:NAMA_10_A10_E(1.0),19/04/24 11:00:00,A,PC_TOT_PER,M_N,EMP_DC,PL,2023,7.7,p
ESTAT:NAMA_10_A10_E(1.0),19/04/24 11:00:00,A,PC_TOT_PER,M_N,EMP_DC,PT,2023,12.0,p
ESTAT:NAMA_10_A10_E(1.0),19/04/24 11:00:00,A,PC_TOT_PER,M_N,EMP_DC,RO,2023,4.7,p
ESTAT:NAMA_10_A10_E(1.0),19/04/24 11:00:00,A,PC_TOT_PER,M_N,EMP_DC,SE,2023,12.7,
ESTAT:NAMA_10_A10_E(1.0),19/04/24 11:00:00,A,PC_TOT_PER,M_N,EMP_DC,SI,2023,12.9,
ESTAT:NAMA_10_A10_E(1.0),19/04/24 11:00:00,A,PC_TOT_PER,M_N,EMP_DC,SK,2023,11.0,
ESTAT:NAMA_10_A10_E(1.0),19/04/24 11:00:00,A,PC_TOT_PER,O-Q,EMP_DC,AT,2023,23.9,
ESTAT:NAMA_10_A10_E(1.0),19/04/24 11:00:00,A,PC_TOT_PER,O-Q,EMP_DC,BE,2023,30.8,p
ESTAT:NAMA_10_A10_E(1.0),19/04/24 11:00:00,A,PC_TOT_PER,O-Q,EMP_DC,BG,2023,17.6,p
ESTAT:NAMA_10_A10_E(1.0),19/04/24 11:00:00,A,PC_TOT_PER,O-Q,EMP_DC,CH,2023,25.5,
ESTAT:NAMA_10_A10_E(1.0),19/04/24 11:00:00,A,PC_TOT_PER,O-Q,EMP_DC,CY,2023,19.6,p
ESTAT:NAMA_10_A10_E(1.0),19/04/24 11:00:00,A,PC_TOT_PER,O-Q,EMP_DC,CZ,2023,19.7,
ESTAT:NAMA_10_A10_E(1.0),19/04/24 11:00:00,A,PC_TOT_PER,O-Q,EMP_DC,DE,2023,26.2,p
ESTAT:NAMA_10_A10_E(1.0),19/04/24 11:00:00,A,PC_TOT_PER,O-Q,EMP_DC,DK,2023,30.2,
ESTAT:NAMA_10_A10_E(1.0),19/04/24 11:00:00,A,PC_TOT_PER,O-Q,EMP_DC,EA19,2023,24.9,
ESTAT:NAMA_10_A10_E(1.0),19/04/24 11:00:00,A,PC_TOT_PER,O-Q,EMP_DC,EE,2023,23.4,
ESTAT:NAMA_10_A10_E(1.0),19/04/24 11:00:00,A,PC_TOT_PER,O-Q,EMP_DC,EL,2023,22.1,p
ESTAT:NAMA_10_A10_E(1.0),19/04/24 11:00:00,A,PC_TOT_PER,O-Q,EMP_DC,ES,2023,23.4,p
ESTAT:NAMA_10_A10_E(1.0),19/04/24 11:00:00,A,PC_TOT_PER,O-Q,EMP_DC,EU27_2020,2023,24.1,
ESTAT:NAMA_10_A10_E(1.0),19/04/24 11:00:00,A,PC_TOT_PER,O-Q,EMP_DC,FI,2023,30.0,
ESTAT:NAMA_10_A10_E(1.0),19/04/24 11:00:00,A,PC_TOT_PER,O-Q,EMP_DC,FR,2023,28.4,p
ESTAT:NAMA_10_A10_E(1.0),19/04/24 11:00:00,A,PC_TOT_PER,O-Q,EMP_DC,HU,2023,20.0,p
ESTAT:NAMA_10_A10_E(1.0),19/04/24 11:00:00,A,PC_TOT_PER,O-Q,EMP_DC,IE,2023,27.1,
ESTAT:NAMA_10_A10_E(1.0),19/04/24 11:00:00,A,PC_TOT_PER,O-Q,EMP_DC,IS,2023,29.6,p
ESTAT:NAMA_10_A10_E(1.0),19/04/24 11:00:00,A,PC_TOT_PER,O-Q,EMP_DC,IT,2023,19.2,
ESTAT:NAMA_10_A10_E(1.0),19/04/24 11:00:00,A,PC_TOT_PER,O-Q,EMP_DC,LT,2023,22.5,
ESTAT:NAMA_10_A10_E(1.0),19/04/24 11:00:00,A,PC_TOT_PER,O-Q,EMP_DC,LU,2023,22.1,p
ESTAT:NAMA_10_A10_E(1.0),19/04/24 11:00:00,A,PC_TOT_PER,O-Q,EMP_DC,LV,2023,21.5,
ESTAT:NAMA_10_A10_E(1.0),19/04/24 11:00:00,A,PC_TOT_PER,O-Q,EMP_DC,MK,2023,17.3,e
ESTAT:NAMA_10_A10_E(1.0),19/04/24 11:00:00,A,PC_TOT_PER,O-Q,EMP_DC,MT,2023,21.6,
ESTAT:NAMA_10_A10_E(1.0),19/04/24 11:00:00,A,PC_TOT_PER,O-Q,EMP_DC,NL,2023,27.5,p
ESTAT:NAMA_10_A10_E(1.0),19/04/24 11:00:00,A,PC_TOT_PER,O-Q,EMP_DC,NO,2023,35.5,
ESTAT:NAMA_10_A10_E(1.0),19/04/24 11:00:00,A,PC_TOT_PER,O-Q,EMP_DC,PL,2023,21.6,p
ESTAT:NAMA_10_A10_E(1.0),19/04/24 11:00:00,A,PC_TOT_PER,O-Q,EMP_DC,PT,2023,21.3,p
ESTAT:NAMA_10_A10_E(1.0),19/04/24 11:00:00,A,PC_TOT_PER,O-Q,EMP_DC,RO,2023,13.6,p
ESTAT:NAMA_10_A10_E(1.0),19/04/24 11:00:00,A,PC_TOT_PER,O-Q,EMP_DC,SE,2023,33.6,
ESTAT:NAMA_10_A10_E(1.0),19/04/24 11:00:00,A,PC_TOT_PER,O-Q,EMP_DC,SI,2023,19.2,
ESTAT:NAMA_10_A10_E(1.0),19/04/24 11:00:00,A,PC_TOT_PER,O-Q,EMP_DC,SK,2023,20.6,
ESTAT:NAMA_10_A10_E(1.0),19/04/24 11:00:00,A,PC_TOT_PER,R-U,EMP_DC,AT,2023,4.4,
ESTAT:NAMA_10_A10_E(1.0),19/04/24 11:00:00,A,PC_TOT_PER,R-U,EMP_DC,BE,2023,4.4,p
ESTAT:NAMA_10_A10_E(1.0),19/04/24 11:00:00,A,PC_TOT_PER,R-U,EMP_DC,BG,2023,3.5,p
ESTAT:NAMA_10_A10_E(1.0),19/04/24 11:00:00,A,PC_TOT_PER,R-U,EMP_DC,CH,2023,6.7,
ESTAT:NAMA_10_A10_E(1.0),19/04/24 11:00:00,A,PC_TOT_PER,R-U,EMP_DC,CY,2023,9.0,p
ESTAT:NAMA_10_A10_E(1.0),19/04/24 11:00:00,A,PC_TOT_PER,R-U,EMP_DC,CZ,2023,3.5,
ESTAT:NAMA_10_A10_E(1.0),19/04/24 11:00:00,A,PC_TOT_PER,R-U,EMP_DC,DE,2023,6.5,p
ESTAT:NAMA_10_A10_E(1.0),19/04/24 11:00:00,A,PC_TOT_PER,R-U,EMP_DC,DK,2023,5.6,
ESTAT:NAMA_10_A10_E(1.0),19/04/24 11:00:00,A,PC_TOT_PER,R-U,EMP_DC,EA19,2023,6.5,
ESTAT:NAMA_10_A10_E(1.0),19/04/24 11:00:00,A,PC_TOT_PER,R-U,EMP_DC,EE,2023,5.7,
ESTAT:NAMA_10_A10_E(1.0),19/04/24 11:00:00,A,PC_TOT_PER,R-U,EMP_DC,EL,2023,4.7,p
ESTAT:NAMA_10_A10_E(1.0),19/04/24 11:00:00,A,PC_TOT_PER,R-U,EMP_DC,ES,2023,8.4,p
ESTAT:NAMA_10_A10_E(1.0),19/04/24 11:00:00,A,PC_TOT_PER,R-U,EMP_DC,EU27_2020,2023,5.9,
ESTAT:NAMA_10_A10_E(1.0),19/04/24 11:00:00,A,PC_TOT_PER,R-U,EMP_DC,FI,2023,5.2,
ESTAT:NAMA_10_A10_E(1.0),19/04/24 11:00:00,A,PC_TOT_PER,R-U,EMP_DC,FR,2023,5.4,p
ESTAT:NAMA_10_A10_E(1.0),19/04/24 11:00:00,A,PC_TOT_PER,R-U,EMP_DC,HU,2023,5.2,p
ESTAT:NAMA_10_A10_E(1.0),19/04/24 11:00:00,A,PC_TOT_PER,R-U,EMP_DC,IE,2023,4.6,
ESTAT:NAMA_10_A10_E(1.0),19/04/24 11:00:00,A,PC_TOT_PER,R-U,EMP_DC,IS,2023,5.3,p
ESTAT:NAMA_10_A10_E(1.0),19/04/24 11:00:00,A,PC_TOT_PER,R-U,EMP_DC,IT,2023,9.5,
ESTAT:NAMA_10_A10_E(1.0),19/04/24 11:00:00,A,PC_TOT_PER,R-U,EMP_DC,LT,2023,4.3,
ESTAT:NAMA_10_A10_E(1.0),19/04/24 11:00:00,A,PC_TOT_PER,R-U,EMP_DC,LU,2023,4.0,p
ESTAT:NAMA_10_A10_E(1.0),19/04/24 11:00:00,A,PC_TOT_PER,R-U,EMP_DC,LV,2023,4.0,
ESTAT:NAMA_10_A10_E(1.0),19/04/24 11:00:00,A,PC_TOT_PER,R-U,EMP_DC,MK,2023,3.2,e
ESTAT:NAMA_10_A10_E(1.0),19/04/24 11:00:00,A,PC_TOT_PER,R-U,EMP_DC,MT,2023,6.7,
ESTAT:NAMA_10_A10_E(1.0),19/04/24 11:00:00,A,PC_TOT_PER,R-U,EMP_DC,NL,2023,4.3,p
ESTAT:NAMA_10_A10_E(1.0),19/04/24 11:00:00,A,PC_TOT_PER,R-U,EMP_DC,NO,2023,4.1,
ESTAT:NAMA_10_A10_E(1.0),19/04/24 11:00:00,A,PC_TOT_PER,R-U,EMP_DC,PL,2023,4.1,p
ESTAT:NAMA_10_A10_E(1.0),19/04/24 11:00:00,A,PC_TOT_PER,R-U,EMP_DC,PT,2023,5.2,p
ESTAT:NAMA_10_A10_E(1.0),19/04/24 11:00:00,A,PC_TOT_PER,R-U,EMP_DC,RO,2023,2.5,p
ESTAT:NAMA_10_A10_E(1.0),19/04/24 11:00:00,A,PC_TOT_PER,R-U,EMP_DC,SE,2023,4.8,
ESTAT:NAMA_10_A10_E(1.0),19/04/24 11:00:00,A,PC_TOT_PER,R-U,EMP_DC,SI,2023,4.0,
ESTAT:NAMA_10_A10_E(1.0),19/04/24 11:00:00,A,PC_TOT_PER,R-U,EMP_DC,SK,2023,3.2,
ESTAT:NAMA_10_A10_E(1.0),19/04/24 11:00:00,A,PC_TOT_PER,TOTAL,EMP_DC,AT,2023,100.0,
ESTAT:NAMA_10_A10_E(1.0),19/04/24 11:00:00,A,PC_TOT_PER,TOTAL,EMP_DC,BE,2023,100.0,p
ESTAT:NAMA_10_A10_E(1.0),19/04/24 11:00:00,A,PC_TOT_PER,TOTAL,EMP_DC,BG,2023,100.0,p
ESTAT:NAMA_10_A10_E(1.0),19/04/24 11:00:00,A,PC_TOT_PER,TOTAL,EMP_DC,CH,2023,100.0,
ESTAT:NAMA_10_A10_E(1.0),19/04/24 11:00:00,A,PC_TOT_PER,TOTAL,EMP_DC,CY,2023,100.0,p
ESTAT:NAMA_10_A10_E(1.0),19/04/24 11:00:00,A,PC_TOT_PER,TOTAL,EMP_DC,CZ,2023,100.0,
ESTAT:NAMA_10_A10_E(1.0),19/04/24 11:00:00,A,PC_TOT_PER,TOTAL,EMP_DC,DE,2023,100.0,p
ESTAT:NAMA_10_A10_E(1.0),19/04/24 11:00:00,A,PC_TOT_PER,TOTAL,EMP_DC,DK,2023,100.0,
ESTAT:NAMA_10_A10_E(1.0),19/04/24 11:00:00,A,PC_TOT_PER,TOTAL,EMP_DC,EA19,2023,100.0,
ESTAT:NAMA_10_A10_E(1.0),19/04/24 11:00:00,A,PC_TOT_PER,TOTAL,EMP_DC,EE,2023,100.0,
ESTAT:NAMA_10_A10_E(1.0),19/04/24 11:00:00,A,PC_TOT_PER,TOTAL,EMP_DC,EL,2023,100.0,p
ESTAT:NAMA_10_A10_E(1.0),19/04/24 11:00:00,A,PC_TOT_PER,TOTAL,EMP_DC,ES,2023,100.0,p
ESTAT:NAMA_10_A10_E(1.0),19/04/24 11:00:00,A,PC_TOT_PER,TOTAL,EMP_DC,EU27_2020,2023,100.0,
ESTAT:NAMA_10_A10_E(1.0),19/04/24 11:00:00,A,PC_TOT_PER,TOTAL,EMP_DC,FI,2023,100.0,
ESTAT:NAMA_10_A10_E(1.0),19/04/24 11:00:00,A,PC_TOT_PER,TOTAL,EMP_DC,FR,2023,100.0,p
ESTAT:NAMA_10_A10_E(1.0),19/04/24 11:00:00,A,PC_TOT_PER,TOTAL,EMP_DC,HU,2023,100.0,p
ESTAT:NAMA_10_A10_E(1.0),19/04/24 11:00:00,A,PC_TOT_PER,TOTAL,EMP_DC,IE,2023,100.0,
ESTAT:NAMA_10_A10_E(1.0),19/04/24 11:00:00,A,PC_TOT_PER,TOTAL,EMP_DC,IS,2023,100.0,p
ESTAT:NAMA_10_A10_E(1.0),19/04/24 11:00:00,A,PC_TOT_PER,TOTAL,EMP_DC,IT,2023,100.0,
ESTAT:NAMA_10_A10_E(1.0),19/04/24 11:00:00,A,PC_TOT_PER,TOTAL,EMP_DC,LT,2023,100.0,
ESTAT:NAMA_10_A10_E(1.0),19/04/24 11:00:00,A,PC_TOT_PER,TOTAL,EMP_DC,LU,2023,100.0,p
ESTAT:NAMA_10_A10_E(1.0),19/04/24 11:00:00,A,PC_TOT_PER,TOTAL,EMP_DC,LV,2023,100.0,
ESTAT:NAMA_10_A10_E(1.0),19/04/24 11:00:00,A,PC_TOT_PER,TOTAL,EMP_DC,MK,2023,100.0,e
ESTAT:NAMA_10_A10_E(1.0),19/04/24 11:00:00,A,PC_TOT_PER,TOTAL,EMP_DC,MT,2023,100.0,
ESTAT:NAMA_10_A10_E(1.0),19/04/24 11:00:00,A,PC_TOT_PER,TOTAL,EMP_DC,NL,2023,100.0,p
ESTAT:NAMA_10_A10_E(1.0),19/04/24 11:00:00,A,PC_TOT_PER,TOTAL,EMP_DC,NO,2023,100.0,
ESTAT:NAMA_10_A10_E(1.0),19/04/24 11:00:00,A,PC_TOT_PER,TOTAL,EMP_DC,PL,2023,100.0,p
ESTAT:NAMA_10_A10_E(1.0),19/04/24 11:00:00,A,PC_TOT_PER,TOTAL,EMP_DC,PT,2023,100.0,p
ESTAT:NAMA_10_A10_E(1.0),19/04/24 11:00:00,A,PC_TOT_PER,TOTAL,EMP_DC,RO,2023,100.0,p
ESTAT:NAMA_10_A10_E(1.0),19/04/24 11:00:00,A,PC_TOT_PER,TOTAL,EMP_DC,SE,2023,100.0,
ESTAT:NAMA_10_A10_E(1.0),19/04/24 11:00:00,A,PC_TOT_PER,TOTAL,EMP_DC,SI,2023,100.0,
ESTAT:NAMA_10_A10_E(1.0),19/04/24 11:00:00,A,PC_TOT_PER,TOTAL,EMP_DC,SK,2023,100.0,
